B,u,s,i,n,e,s,s
N,a,m,e
s,t,a,r,s
B,u,s,i,n,e,s,s
N,a,m,e
s,t,a,r,s
B,u,s,i,n,e,s,s
N,a,m,e
s,t,a,r,s
B,u,s,i,n,e,s,s
N,a,m,e
s,t,a,r,s
B,u,s,i,n,e,s,s
N,a,m,e
s,t,a,r,s
B,u,s,i,n,e,s,s
N,a,m,e
s,t,a,r,s
B,u,s,i,n,e,s,s
N,a,m,e
s,t,a,r,s
B,u,s,i,n,e,s,s
N,a,m,e
s,t,a,r,s
B,u,s,i,n,e,s,s
N,a,m,e
s,t,a,r,s
B,u,s,i,n,e,s,s
N,a,m,e
s,t,a,r,s
B,u,s,i,n,e,s,s
N,a,m,e
s,t,a,r,s
B,u,s,i,n,e,s,s
N,a,m,e
s,t,a,r,s
B,u,s,i,n,e,s,s
N,a,m,e
s,t,a,r,s
B,u,s,i,n,e,s,s
N,a,m,e
s,t,a,r,s
B,u,s,i,n,e,s,s
N,a,m,e
s,t,a,r,s
B,u,s,i,n,e,s,s
N,a,m,e
s,t,a,r,s
B,u,s,i,n,e,s,s
N,a,m,e
s,t,a,r,s
B,u,s,i,n,e,s,s
N,a,m,e
s,t,a,r,s
B,u,s,i,n,e,s,s
N,a,m,e
s,t,a,r,s
B,u,s,i,n,e,s,s
N,a,m,e
s,t,a,r,s
B,u,s,i,n,e,s,s
N,a,m,e
s,t,a,r,s
B,u,s,i,n,e,s,s
N,a,m,e
s,t,a,r,s
B,u,s,i,n,e,s,s
N,a,m,e
s,t,a,r,s
B,u,s,i,n,e,s,s
N,a,m,e
s,t,a,r,s
B,u,s,i,n,e,s,s
N,a,m,e
s,t,a,r,s
B,u,s,i,n,e,s,s
N,a,m,e
s,t,a,r,s
B,u,s,i,n,e,s,s
N,a,m,e
s,t,a,r,s
B,u,s,i,n,e,s,s
N,a,m,e
s,t,a,r,s
B,u,s,i,n,e,s,s
N,a,m,e
s,t,a,r,s
B,u,s,i,n,e,s,s
N,a,m,e
s,t,a,r,s
B,u,s,i,n,e,s,s
N,a,m,e
s,t,a,r,s
B,u,s,i,n,e,s,s
N,a,m,e
s,t,a,r,s
B,u,s,i,n,e,s,s
N,a,m,e
s,t,a,r,s
B,u,s,i,n,e,s,s
N,a,m,e
s,t,a,r,s
B,u,s,i,n,e,s,s
N,a,m,e
s,t,a,r,s
B,u,s,i,n,e,s,s
N,a,m,e
s,t,a,r,s
B,u,s,i,n,e,s,s
N,a,m,e
s,t,a,r,s
B,u,s,i,n,e,s,s
N,a,m,e
s,t,a,r,s
B,u,s,i,n,e,s,s
N,a,m,e
s,t,a,r,s
B,u,s,i,n,e,s,s
N,a,m,e
s,t,a,r,s
B,u,s,i,n,e,s,s
N,a,m,e
s,t,a,r,s
B,u,s,i,n,e,s,s
N,a,m,e
s,t,a,r,s
B,u,s,i,n,e,s,s
N,a,m,e
s,t,a,r,s
B,u,s,i,n,e,s,s
N,a,m,e
s,t,a,r,s
B,u,s,i,n,e,s,s
N,a,m,e
s,t,a,r,s
B,u,s,i,n,e,s,s
N,a,m,e
s,t,a,r,s
B,u,s,i,n,e,s,s
N,a,m,e
s,t,a,r,s
B,u,s,i,n,e,s,s
N,a,m,e
s,t,a,r,s
B,u,s,i,n,e,s,s
N,a,m,e
s,t,a,r,s
B,u,s,i,n,e,s,s
N,a,m,e
s,t,a,r,s
B,u,s,i,n,e,s,s
N,a,m,e
s,t,a,r,s
B,u,s,i,n,e,s,s
N,a,m,e
s,t,a,r,s
B,u,s,i,n,e,s,s
N,a,m,e
s,t,a,r,s
B,u,s,i,n,e,s,s
N,a,m,e
s,t,a,r,s
B,u,s,i,n,e,s,s
N,a,m,e
s,t,a,r,s
B,u,s,i,n,e,s,s
N,a,m,e
s,t,a,r,s
B,u,s,i,n,e,s,s
N,a,m,e
s,t,a,r,s
B,u,s,i,n,e,s,s
N,a,m,e
s,t,a,r,s
B,u,s,i,n,e,s,s
N,a,m,e
s,t,a,r,s
B,u,s,i,n,e,s,s
N,a,m,e
s,t,a,r,s
B,u,s,i,n,e,s,s
N,a,m,e
s,t,a,r,s
B,u,s,i,n,e,s,s
N,a,m,e
s,t,a,r,s
B,u,s,i,n,e,s,s
N,a,m,e
s,t,a,r,s
B,u,s,i,n,e,s,s
N,a,m,e
s,t,a,r,s
B,u,s,i,n,e,s,s
N,a,m,e
s,t,a,r,s
B,u,s,i,n,e,s,s
N,a,m,e
s,t,a,r,s
B,u,s,i,n,e,s,s
N,a,m,e
s,t,a,r,s
B,u,s,i,n,e,s,s
N,a,m,e
s,t,a,r,s
B,u,s,i,n,e,s,s
N,a,m,e
s,t,a,r,s
B,u,s,i,n,e,s,s
N,a,m,e
s,t,a,r,s
B,u,s,i,n,e,s,s
N,a,m,e
s,t,a,r,s
B,u,s,i,n,e,s,s
N,a,m,e
s,t,a,r,s
B,u,s,i,n,e,s,s
N,a,m,e
s,t,a,r,s
B,u,s,i,n,e,s,s
N,a,m,e
s,t,a,r,s
B,u,s,i,n,e,s,s
N,a,m,e
s,t,a,r,s
B,u,s,i,n,e,s,s
N,a,m,e
s,t,a,r,s
B,u,s,i,n,e,s,s
N,a,m,e
s,t,a,r,s
B,u,s,i,n,e,s,s
N,a,m,e
s,t,a,r,s
B,u,s,i,n,e,s,s
N,a,m,e
s,t,a,r,s
B,u,s,i,n,e,s,s
N,a,m,e
s,t,a,r,s
B,u,s,i,n,e,s,s
N,a,m,e
s,t,a,r,s
B,u,s,i,n,e,s,s
N,a,m,e
s,t,a,r,s
B,u,s,i,n,e,s,s
N,a,m,e
s,t,a,r,s
B,u,s,i,n,e,s,s
N,a,m,e
s,t,a,r,s
B,u,s,i,n,e,s,s
N,a,m,e
s,t,a,r,s
B,u,s,i,n,e,s,s
N,a,m,e
s,t,a,r,s
B,u,s,i,n,e,s,s
N,a,m,e
s,t,a,r,s
B,u,s,i,n,e,s,s
N,a,m,e
s,t,a,r,s
B,u,s,i,n,e,s,s
N,a,m,e
s,t,a,r,s
B,u,s,i,n,e,s,s
N,a,m,e
s,t,a,r,s
B,u,s,i,n,e,s,s
N,a,m,e
s,t,a,r,s
B,u,s,i,n,e,s,s
N,a,m,e
s,t,a,r,s
B,u,s,i,n,e,s,s
N,a,m,e
s,t,a,r,s
B,u,s,i,n,e,s,s
N,a,m,e
s,t,a,r,s
B,u,s,i,n,e,s,s
N,a,m,e
s,t,a,r,s
B,u,s,i,n,e,s,s
N,a,m,e
s,t,a,r,s
B,u,s,i,n,e,s,s
N,a,m,e
s,t,a,r,s
B,u,s,i,n,e,s,s
N,a,m,e
s,t,a,r,s
B,u,s,i,n,e,s,s
N,a,m,e
s,t,a,r,s
B,u,s,i,n,e,s,s
N,a,m,e
s,t,a,r,s
B,u,s,i,n,e,s,s
N,a,m,e
s,t,a,r,s
B,u,s,i,n,e,s,s
N,a,m,e
s,t,a,r,s
B,u,s,i,n,e,s,s
N,a,m,e
s,t,a,r,s
B,u,s,i,n,e,s,s
N,a,m,e
s,t,a,r,s
B,u,s,i,n,e,s,s
N,a,m,e
s,t,a,r,s
B,u,s,i,n,e,s,s
N,a,m,e
s,t,a,r,s
B,u,s,i,n,e,s,s
N,a,m,e
s,t,a,r,s
B,u,s,i,n,e,s,s
N,a,m,e
s,t,a,r,s
B,u,s,i,n,e,s,s
N,a,m,e
s,t,a,r,s
B,u,s,i,n,e,s,s
N,a,m,e
s,t,a,r,s
B,u,s,i,n,e,s,s
N,a,m,e
s,t,a,r,s
B,u,s,i,n,e,s,s
N,a,m,e
s,t,a,r,s
B,u,s,i,n,e,s,s
N,a,m,e
s,t,a,r,s
B,u,s,i,n,e,s,s
N,a,m,e
s,t,a,r,s
B,u,s,i,n,e,s,s
N,a,m,e
s,t,a,r,s
B,u,s,i,n,e,s,s
N,a,m,e
s,t,a,r,s
B,u,s,i,n,e,s,s
N,a,m,e
s,t,a,r,s
B,u,s,i,n,e,s,s
N,a,m,e
s,t,a,r,s
B,u,s,i,n,e,s,s
N,a,m,e
s,t,a,r,s
B,u,s,i,n,e,s,s
N,a,m,e
s,t,a,r,s
B,u,s,i,n,e,s,s
N,a,m,e
s,t,a,r,s
B,u,s,i,n,e,s,s
N,a,m,e
s,t,a,r,s
B,u,s,i,n,e,s,s
N,a,m,e
s,t,a,r,s
B,u,s,i,n,e,s,s
N,a,m,e
s,t,a,r,s
B,u,s,i,n,e,s,s
N,a,m,e
s,t,a,r,s
B,u,s,i,n,e,s,s
N,a,m,e
s,t,a,r,s
B,u,s,i,n,e,s,s
N,a,m,e
s,t,a,r,s
B,u,s,i,n,e,s,s
N,a,m,e
s,t,a,r,s
B,u,s,i,n,e,s,s
N,a,m,e
s,t,a,r,s
B,u,s,i,n,e,s,s
N,a,m,e
s,t,a,r,s
B,u,s,i,n,e,s,s
N,a,m,e
s,t,a,r,s
B,u,s,i,n,e,s,s
N,a,m,e
s,t,a,r,s
B,u,s,i,n,e,s,s
N,a,m,e
s,t,a,r,s
B,u,s,i,n,e,s,s
N,a,m,e
s,t,a,r,s
B,u,s,i,n,e,s,s
N,a,m,e
s,t,a,r,s
B,u,s,i,n,e,s,s
N,a,m,e
s,t,a,r,s
B,u,s,i,n,e,s,s
N,a,m,e
s,t,a,r,s
B,u,s,i,n,e,s,s
N,a,m,e
s,t,a,r,s
B,u,s,i,n,e,s,s
N,a,m,e
s,t,a,r,s
B,u,s,i,n,e,s,s
N,a,m,e
s,t,a,r,s
B,u,s,i,n,e,s,s
N,a,m,e
s,t,a,r,s
B,u,s,i,n,e,s,s
N,a,m,e
s,t,a,r,s
B,u,s,i,n,e,s,s
N,a,m,e
s,t,a,r,s
B,u,s,i,n,e,s,s
N,a,m,e
s,t,a,r,s
B,u,s,i,n,e,s,s
N,a,m,e
s,t,a,r,s
B,u,s,i,n,e,s,s
N,a,m,e
s,t,a,r,s
B,u,s,i,n,e,s,s
N,a,m,e
s,t,a,r,s
B,u,s,i,n,e,s,s
N,a,m,e
s,t,a,r,s
B,u,s,i,n,e,s,s
N,a,m,e
s,t,a,r,s
B,u,s,i,n,e,s,s
N,a,m,e
s,t,a,r,s
B,u,s,i,n,e,s,s
N,a,m,e
s,t,a,r,s
B,u,s,i,n,e,s,s
N,a,m,e
s,t,a,r,s
B,u,s,i,n,e,s,s
N,a,m,e
s,t,a,r,s
B,u,s,i,n,e,s,s
N,a,m,e
s,t,a,r,s
B,u,s,i,n,e,s,s
N,a,m,e
s,t,a,r,s
B,u,s,i,n,e,s,s
N,a,m,e
s,t,a,r,s
B,u,s,i,n,e,s,s
N,a,m,e
s,t,a,r,s
B,u,s,i,n,e,s,s
N,a,m,e
s,t,a,r,s
B,u,s,i,n,e,s,s
N,a,m,e
s,t,a,r,s
B,u,s,i,n,e,s,s
N,a,m,e
s,t,a,r,s
B,u,s,i,n,e,s,s
N,a,m,e
s,t,a,r,s
B,u,s,i,n,e,s,s
N,a,m,e
s,t,a,r,s
B,u,s,i,n,e,s,s
N,a,m,e
s,t,a,r,s
B,u,s,i,n,e,s,s
N,a,m,e
s,t,a,r,s
B,u,s,i,n,e,s,s
N,a,m,e
s,t,a,r,s
B,u,s,i,n,e,s,s
N,a,m,e
s,t,a,r,s
B,u,s,i,n,e,s,s
N,a,m,e
s,t,a,r,s
B,u,s,i,n,e,s,s
N,a,m,e
s,t,a,r,s
B,u,s,i,n,e,s,s
N,a,m,e
s,t,a,r,s
B,u,s,i,n,e,s,s
N,a,m,e
s,t,a,r,s
B,u,s,i,n,e,s,s
N,a,m,e
s,t,a,r,s
B,u,s,i,n,e,s,s
N,a,m,e
s,t,a,r,s
B,u,s,i,n,e,s,s
N,a,m,e
s,t,a,r,s
B,u,s,i,n,e,s,s
N,a,m,e
s,t,a,r,s
B,u,s,i,n,e,s,s
N,a,m,e
s,t,a,r,s
B,u,s,i,n,e,s,s
N,a,m,e
s,t,a,r,s
B,u,s,i,n,e,s,s
N,a,m,e
s,t,a,r,s
B,u,s,i,n,e,s,s
N,a,m,e
s,t,a,r,s
B,u,s,i,n,e,s,s
N,a,m,e
s,t,a,r,s
B,u,s,i,n,e,s,s
N,a,m,e
s,t,a,r,s
B,u,s,i,n,e,s,s
N,a,m,e
s,t,a,r,s
B,u,s,i,n,e,s,s
N,a,m,e
s,t,a,r,s
B,u,s,i,n,e,s,s
N,a,m,e
s,t,a,r,s
B,u,s,i,n,e,s,s
N,a,m,e
s,t,a,r,s
B,u,s,i,n,e,s,s
N,a,m,e
s,t,a,r,s
B,u,s,i,n,e,s,s
N,a,m,e
s,t,a,r,s
B,u,s,i,n,e,s,s
N,a,m,e
s,t,a,r,s
B,u,s,i,n,e,s,s
N,a,m,e
s,t,a,r,s
B,u,s,i,n,e,s,s
N,a,m,e
s,t,a,r,s
B,u,s,i,n,e,s,s
N,a,m,e
s,t,a,r,s
B,u,s,i,n,e,s,s
N,a,m,e
s,t,a,r,s
B,u,s,i,n,e,s,s
N,a,m,e
s,t,a,r,s
B,u,s,i,n,e,s,s
N,a,m,e
s,t,a,r,s
B,u,s,i,n,e,s,s
N,a,m,e
s,t,a,r,s
B,u,s,i,n,e,s,s
N,a,m,e
s,t,a,r,s
B,u,s,i,n,e,s,s
N,a,m,e
s,t,a,r,s
B,u,s,i,n,e,s,s
N,a,m,e
s,t,a,r,s
B,u,s,i,n,e,s,s
N,a,m,e
s,t,a,r,s
B,u,s,i,n,e,s,s
N,a,m,e
s,t,a,r,s
B,u,s,i,n,e,s,s
N,a,m,e
s,t,a,r,s
B,u,s,i,n,e,s,s
N,a,m,e
s,t,a,r,s
B,u,s,i,n,e,s,s
N,a,m,e
s,t,a,r,s
B,u,s,i,n,e,s,s
N,a,m,e
s,t,a,r,s
B,u,s,i,n,e,s,s
N,a,m,e
s,t,a,r,s
B,u,s,i,n,e,s,s
N,a,m,e
s,t,a,r,s
B,u,s,i,n,e,s,s
N,a,m,e
s,t,a,r,s
B,u,s,i,n,e,s,s
N,a,m,e
s,t,a,r,s
B,u,s,i,n,e,s,s
N,a,m,e
s,t,a,r,s
B,u,s,i,n,e,s,s
N,a,m,e
s,t,a,r,s
B,u,s,i,n,e,s,s
N,a,m,e
s,t,a,r,s
B,u,s,i,n,e,s,s
N,a,m,e
s,t,a,r,s
B,u,s,i,n,e,s,s
N,a,m,e
s,t,a,r,s
B,u,s,i,n,e,s,s
N,a,m,e
s,t,a,r,s
B,u,s,i,n,e,s,s
N,a,m,e
s,t,a,r,s
B,u,s,i,n,e,s,s
N,a,m,e
s,t,a,r,s
B,u,s,i,n,e,s,s
N,a,m,e
s,t,a,r,s
B,u,s,i,n,e,s,s
N,a,m,e
s,t,a,r,s
B,u,s,i,n,e,s,s
N,a,m,e
s,t,a,r,s
B,u,s,i,n,e,s,s
N,a,m,e
s,t,a,r,s
B,u,s,i,n,e,s,s
N,a,m,e
s,t,a,r,s
B,u,s,i,n,e,s,s
N,a,m,e
s,t,a,r,s
B,u,s,i,n,e,s,s
N,a,m,e
s,t,a,r,s
B,u,s,i,n,e,s,s
N,a,m,e
s,t,a,r,s
B,u,s,i,n,e,s,s
N,a,m,e
s,t,a,r,s
B,u,s,i,n,e,s,s
N,a,m,e
s,t,a,r,s
B,u,s,i,n,e,s,s
N,a,m,e
s,t,a,r,s
B,u,s,i,n,e,s,s
N,a,m,e
s,t,a,r,s
B,u,s,i,n,e,s,s
N,a,m,e
s,t,a,r,s
B,u,s,i,n,e,s,s
N,a,m,e
s,t,a,r,s
B,u,s,i,n,e,s,s
N,a,m,e
s,t,a,r,s
B,u,s,i,n,e,s,s
N,a,m,e
s,t,a,r,s
B,u,s,i,n,e,s,s
N,a,m,e
s,t,a,r,s
B,u,s,i,n,e,s,s
N,a,m,e
s,t,a,r,s
B,u,s,i,n,e,s,s
N,a,m,e
s,t,a,r,s
B,u,s,i,n,e,s,s
N,a,m,e
s,t,a,r,s
B,u,s,i,n,e,s,s
N,a,m,e
s,t,a,r,s
B,u,s,i,n,e,s,s
N,a,m,e
s,t,a,r,s
B,u,s,i,n,e,s,s
N,a,m,e
s,t,a,r,s
B,u,s,i,n,e,s,s
N,a,m,e
s,t,a,r,s
B,u,s,i,n,e,s,s
N,a,m,e
s,t,a,r,s
B,u,s,i,n,e,s,s
N,a,m,e
s,t,a,r,s
B,u,s,i,n,e,s,s
N,a,m,e
s,t,a,r,s
B,u,s,i,n,e,s,s
N,a,m,e
s,t,a,r,s
B,u,s,i,n,e,s,s
N,a,m,e
s,t,a,r,s
B,u,s,i,n,e,s,s
N,a,m,e
s,t,a,r,s
B,u,s,i,n,e,s,s
N,a,m,e
s,t,a,r,s
B,u,s,i,n,e,s,s
N,a,m,e
s,t,a,r,s
B,u,s,i,n,e,s,s
N,a,m,e
s,t,a,r,s
B,u,s,i,n,e,s,s
N,a,m,e
s,t,a,r,s
B,u,s,i,n,e,s,s
N,a,m,e
s,t,a,r,s
B,u,s,i,n,e,s,s
N,a,m,e
s,t,a,r,s
B,u,s,i,n,e,s,s
N,a,m,e
s,t,a,r,s
B,u,s,i,n,e,s,s
N,a,m,e
s,t,a,r,s
B,u,s,i,n,e,s,s
N,a,m,e
s,t,a,r,s
B,u,s,i,n,e,s,s
N,a,m,e
s,t,a,r,s
B,u,s,i,n,e,s,s
N,a,m,e
s,t,a,r,s
B,u,s,i,n,e,s,s
N,a,m,e
s,t,a,r,s
B,u,s,i,n,e,s,s
N,a,m,e
s,t,a,r,s
B,u,s,i,n,e,s,s
N,a,m,e
s,t,a,r,s
B,u,s,i,n,e,s,s
N,a,m,e
s,t,a,r,s
B,u,s,i,n,e,s,s
N,a,m,e
s,t,a,r,s
B,u,s,i,n,e,s,s
N,a,m,e
s,t,a,r,s
B,u,s,i,n,e,s,s
N,a,m,e
s,t,a,r,s
B,u,s,i,n,e,s,s
N,a,m,e
s,t,a,r,s
B,u,s,i,n,e,s,s
N,a,m,e
s,t,a,r,s
B,u,s,i,n,e,s,s
N,a,m,e
s,t,a,r,s
B,u,s,i,n,e,s,s
N,a,m,e
s,t,a,r,s
B,u,s,i,n,e,s,s
N,a,m,e
s,t,a,r,s
B,u,s,i,n,e,s,s
N,a,m,e
s,t,a,r,s
B,u,s,i,n,e,s,s
N,a,m,e
s,t,a,r,s
B,u,s,i,n,e,s,s
N,a,m,e
s,t,a,r,s
B,u,s,i,n,e,s,s
N,a,m,e
s,t,a,r,s
B,u,s,i,n,e,s,s
N,a,m,e
s,t,a,r,s
B,u,s,i,n,e,s,s
N,a,m,e
s,t,a,r,s
B,u,s,i,n,e,s,s
N,a,m,e
s,t,a,r,s
B,u,s,i,n,e,s,s
N,a,m,e
s,t,a,r,s
B,u,s,i,n,e,s,s
N,a,m,e
s,t,a,r,s
B,u,s,i,n,e,s,s
N,a,m,e
s,t,a,r,s
B,u,s,i,n,e,s,s
N,a,m,e
s,t,a,r,s
B,u,s,i,n,e,s,s
N,a,m,e
s,t,a,r,s
B,u,s,i,n,e,s,s
N,a,m,e
s,t,a,r,s
B,u,s,i,n,e,s,s
N,a,m,e
s,t,a,r,s
B,u,s,i,n,e,s,s
N,a,m,e
s,t,a,r,s
B,u,s,i,n,e,s,s
N,a,m,e
s,t,a,r,s
B,u,s,i,n,e,s,s
N,a,m,e
s,t,a,r,s
B,u,s,i,n,e,s,s
N,a,m,e
s,t,a,r,s
B,u,s,i,n,e,s,s
N,a,m,e
s,t,a,r,s
B,u,s,i,n,e,s,s
N,a,m,e
s,t,a,r,s
B,u,s,i,n,e,s,s
N,a,m,e
s,t,a,r,s
B,u,s,i,n,e,s,s
N,a,m,e
s,t,a,r,s
B,u,s,i,n,e,s,s
N,a,m,e
s,t,a,r,s
B,u,s,i,n,e,s,s
N,a,m,e
s,t,a,r,s
B,u,s,i,n,e,s,s
N,a,m,e
s,t,a,r,s
B,u,s,i,n,e,s,s
N,a,m,e
s,t,a,r,s
B,u,s,i,n,e,s,s
N,a,m,e
s,t,a,r,s
B,u,s,i,n,e,s,s
N,a,m,e
s,t,a,r,s
B,u,s,i,n,e,s,s
N,a,m,e
s,t,a,r,s
B,u,s,i,n,e,s,s
N,a,m,e
s,t,a,r,s
B,u,s,i,n,e,s,s
N,a,m,e
s,t,a,r,s
B,u,s,i,n,e,s,s
N,a,m,e
s,t,a,r,s
B,u,s,i,n,e,s,s
N,a,m,e
s,t,a,r,s
B,u,s,i,n,e,s,s
N,a,m,e
s,t,a,r,s
B,u,s,i,n,e,s,s
N,a,m,e
s,t,a,r,s
B,u,s,i,n,e,s,s
N,a,m,e
s,t,a,r,s
B,u,s,i,n,e,s,s
N,a,m,e
s,t,a,r,s
B,u,s,i,n,e,s,s
N,a,m,e
s,t,a,r,s
B,u,s,i,n,e,s,s
N,a,m,e
s,t,a,r,s
B,u,s,i,n,e,s,s
N,a,m,e
s,t,a,r,s
B,u,s,i,n,e,s,s
N,a,m,e
s,t,a,r,s
B,u,s,i,n,e,s,s
N,a,m,e
s,t,a,r,s
B,u,s,i,n,e,s,s
N,a,m,e
s,t,a,r,s
B,u,s,i,n,e,s,s
N,a,m,e
s,t,a,r,s
B,u,s,i,n,e,s,s
N,a,m,e
s,t,a,r,s
B,u,s,i,n,e,s,s
N,a,m,e
s,t,a,r,s
B,u,s,i,n,e,s,s
N,a,m,e
s,t,a,r,s
B,u,s,i,n,e,s,s
N,a,m,e
s,t,a,r,s
B,u,s,i,n,e,s,s
N,a,m,e
s,t,a,r,s
B,u,s,i,n,e,s,s
N,a,m,e
s,t,a,r,s
B,u,s,i,n,e,s,s
N,a,m,e
s,t,a,r,s
B,u,s,i,n,e,s,s
N,a,m,e
s,t,a,r,s
B,u,s,i,n,e,s,s
N,a,m,e
s,t,a,r,s
B,u,s,i,n,e,s,s
N,a,m,e
s,t,a,r,s
B,u,s,i,n,e,s,s
N,a,m,e
s,t,a,r,s
B,u,s,i,n,e,s,s
N,a,m,e
s,t,a,r,s
B,u,s,i,n,e,s,s
N,a,m,e
s,t,a,r,s
B,u,s,i,n,e,s,s
N,a,m,e
s,t,a,r,s
B,u,s,i,n,e,s,s
N,a,m,e
s,t,a,r,s
B,u,s,i,n,e,s,s
N,a,m,e
s,t,a,r,s
B,u,s,i,n,e,s,s
N,a,m,e
s,t,a,r,s
B,u,s,i,n,e,s,s
N,a,m,e
s,t,a,r,s
B,u,s,i,n,e,s,s
N,a,m,e
s,t,a,r,s
B,u,s,i,n,e,s,s
N,a,m,e
s,t,a,r,s
B,u,s,i,n,e,s,s
N,a,m,e
s,t,a,r,s
B,u,s,i,n,e,s,s
N,a,m,e
s,t,a,r,s
B,u,s,i,n,e,s,s
N,a,m,e
s,t,a,r,s
B,u,s,i,n,e,s,s
N,a,m,e
s,t,a,r,s
B,u,s,i,n,e,s,s
N,a,m,e
s,t,a,r,s
B,u,s,i,n,e,s,s
N,a,m,e
s,t,a,r,s
B,u,s,i,n,e,s,s
N,a,m,e
s,t,a,r,s
B,u,s,i,n,e,s,s
N,a,m,e
s,t,a,r,s
B,u,s,i,n,e,s,s
N,a,m,e
s,t,a,r,s
B,u,s,i,n,e,s,s
N,a,m,e
s,t,a,r,s
B,u,s,i,n,e,s,s
N,a,m,e
s,t,a,r,s
B,u,s,i,n,e,s,s
N,a,m,e
s,t,a,r,s
B,u,s,i,n,e,s,s
N,a,m,e
s,t,a,r,s
B,u,s,i,n,e,s,s
N,a,m,e
s,t,a,r,s
B,u,s,i,n,e,s,s
N,a,m,e
s,t,a,r,s
B,u,s,i,n,e,s,s
N,a,m,e
s,t,a,r,s
B,u,s,i,n,e,s,s
N,a,m,e
s,t,a,r,s
B,u,s,i,n,e,s,s
N,a,m,e
s,t,a,r,s
B,u,s,i,n,e,s,s
N,a,m,e
s,t,a,r,s
B,u,s,i,n,e,s,s
N,a,m,e
s,t,a,r,s
B,u,s,i,n,e,s,s
N,a,m,e
s,t,a,r,s
B,u,s,i,n,e,s,s
N,a,m,e
s,t,a,r,s
B,u,s,i,n,e,s,s
N,a,m,e
s,t,a,r,s
B,u,s,i,n,e,s,s
N,a,m,e
s,t,a,r,s
B,u,s,i,n,e,s,s
N,a,m,e
s,t,a,r,s
B,u,s,i,n,e,s,s
N,a,m,e
s,t,a,r,s
B,u,s,i,n,e,s,s
N,a,m,e
s,t,a,r,s
B,u,s,i,n,e,s,s
N,a,m,e
s,t,a,r,s
B,u,s,i,n,e,s,s
N,a,m,e
s,t,a,r,s
B,u,s,i,n,e,s,s
N,a,m,e
s,t,a,r,s
B,u,s,i,n,e,s,s
N,a,m,e
s,t,a,r,s
B,u,s,i,n,e,s,s
N,a,m,e
s,t,a,r,s
B,u,s,i,n,e,s,s
N,a,m,e
s,t,a,r,s
B,u,s,i,n,e,s,s
N,a,m,e
s,t,a,r,s
B,u,s,i,n,e,s,s
N,a,m,e
s,t,a,r,s
B,u,s,i,n,e,s,s
N,a,m,e
s,t,a,r,s
B,u,s,i,n,e,s,s
N,a,m,e
s,t,a,r,s
B,u,s,i,n,e,s,s
N,a,m,e
s,t,a,r,s
B,u,s,i,n,e,s,s
N,a,m,e
s,t,a,r,s
B,u,s,i,n,e,s,s
N,a,m,e
s,t,a,r,s
B,u,s,i,n,e,s,s
N,a,m,e
s,t,a,r,s
B,u,s,i,n,e,s,s
N,a,m,e
s,t,a,r,s
B,u,s,i,n,e,s,s
N,a,m,e
s,t,a,r,s
B,u,s,i,n,e,s,s
N,a,m,e
s,t,a,r,s
B,u,s,i,n,e,s,s
N,a,m,e
s,t,a,r,s
B,u,s,i,n,e,s,s
N,a,m,e
s,t,a,r,s
B,u,s,i,n,e,s,s
N,a,m,e
s,t,a,r,s
B,u,s,i,n,e,s,s
N,a,m,e
s,t,a,r,s
B,u,s,i,n,e,s,s
N,a,m,e
s,t,a,r,s
B,u,s,i,n,e,s,s
N,a,m,e
s,t,a,r,s
B,u,s,i,n,e,s,s
N,a,m,e
s,t,a,r,s
B,u,s,i,n,e,s,s
N,a,m,e
s,t,a,r,s
B,u,s,i,n,e,s,s
N,a,m,e
s,t,a,r,s
B,u,s,i,n,e,s,s
N,a,m,e
s,t,a,r,s
B,u,s,i,n,e,s,s
N,a,m,e
s,t,a,r,s
B,u,s,i,n,e,s,s
N,a,m,e
s,t,a,r,s
B,u,s,i,n,e,s,s
N,a,m,e
s,t,a,r,s
B,u,s,i,n,e,s,s
N,a,m,e
s,t,a,r,s
B,u,s,i,n,e,s,s
N,a,m,e
s,t,a,r,s
B,u,s,i,n,e,s,s
N,a,m,e
s,t,a,r,s
B,u,s,i,n,e,s,s
N,a,m,e
s,t,a,r,s
B,u,s,i,n,e,s,s
N,a,m,e
s,t,a,r,s
B,u,s,i,n,e,s,s
N,a,m,e
s,t,a,r,s
B,u,s,i,n,e,s,s
N,a,m,e
s,t,a,r,s
B,u,s,i,n,e,s,s
N,a,m,e
s,t,a,r,s
B,u,s,i,n,e,s,s
N,a,m,e
s,t,a,r,s
B,u,s,i,n,e,s,s
N,a,m,e
s,t,a,r,s
B,u,s,i,n,e,s,s
N,a,m,e
s,t,a,r,s
B,u,s,i,n,e,s,s
N,a,m,e
s,t,a,r,s
B,u,s,i,n,e,s,s
N,a,m,e
s,t,a,r,s
B,u,s,i,n,e,s,s
N,a,m,e
s,t,a,r,s
B,u,s,i,n,e,s,s
N,a,m,e
s,t,a,r,s
B,u,s,i,n,e,s,s
N,a,m,e
s,t,a,r,s
B,u,s,i,n,e,s,s
N,a,m,e
s,t,a,r,s
B,u,s,i,n,e,s,s
N,a,m,e
s,t,a,r,s
B,u,s,i,n,e,s,s
N,a,m,e
s,t,a,r,s
B,u,s,i,n,e,s,s
N,a,m,e
s,t,a,r,s
B,u,s,i,n,e,s,s
N,a,m,e
s,t,a,r,s
B,u,s,i,n,e,s,s
N,a,m,e
s,t,a,r,s
B,u,s,i,n,e,s,s
N,a,m,e
s,t,a,r,s
B,u,s,i,n,e,s,s
N,a,m,e
s,t,a,r,s
B,u,s,i,n,e,s,s
N,a,m,e
s,t,a,r,s
B,u,s,i,n,e,s,s
N,a,m,e
s,t,a,r,s
B,u,s,i,n,e,s,s
N,a,m,e
s,t,a,r,s
B,u,s,i,n,e,s,s
N,a,m,e
s,t,a,r,s
B,u,s,i,n,e,s,s
N,a,m,e
s,t,a,r,s
B,u,s,i,n,e,s,s
N,a,m,e
s,t,a,r,s
B,u,s,i,n,e,s,s
N,a,m,e
s,t,a,r,s
B,u,s,i,n,e,s,s
N,a,m,e
s,t,a,r,s
B,u,s,i,n,e,s,s
N,a,m,e
s,t,a,r,s
B,u,s,i,n,e,s,s
N,a,m,e
s,t,a,r,s
B,u,s,i,n,e,s,s
N,a,m,e
s,t,a,r,s
B,u,s,i,n,e,s,s
N,a,m,e
s,t,a,r,s
B,u,s,i,n,e,s,s
N,a,m,e
s,t,a,r,s
B,u,s,i,n,e,s,s
N,a,m,e
s,t,a,r,s
B,u,s,i,n,e,s,s
N,a,m,e
s,t,a,r,s
B,u,s,i,n,e,s,s
N,a,m,e
s,t,a,r,s
B,u,s,i,n,e,s,s
N,a,m,e
s,t,a,r,s
B,u,s,i,n,e,s,s
N,a,m,e
s,t,a,r,s
B,u,s,i,n,e,s,s
N,a,m,e
s,t,a,r,s
B,u,s,i,n,e,s,s
N,a,m,e
s,t,a,r,s
B,u,s,i,n,e,s,s
N,a,m,e
s,t,a,r,s
B,u,s,i,n,e,s,s
N,a,m,e
s,t,a,r,s
B,u,s,i,n,e,s,s
N,a,m,e
s,t,a,r,s
B,u,s,i,n,e,s,s
N,a,m,e
s,t,a,r,s
B,u,s,i,n,e,s,s
N,a,m,e
s,t,a,r,s
B,u,s,i,n,e,s,s
N,a,m,e
s,t,a,r,s
B,u,s,i,n,e,s,s
N,a,m,e
s,t,a,r,s
B,u,s,i,n,e,s,s
N,a,m,e
s,t,a,r,s
B,u,s,i,n,e,s,s
N,a,m,e
s,t,a,r,s
B,u,s,i,n,e,s,s
N,a,m,e
s,t,a,r,s
B,u,s,i,n,e,s,s
N,a,m,e
s,t,a,r,s
B,u,s,i,n,e,s,s
N,a,m,e
s,t,a,r,s
B,u,s,i,n,e,s,s
N,a,m,e
s,t,a,r,s
B,u,s,i,n,e,s,s
N,a,m,e
s,t,a,r,s
B,u,s,i,n,e,s,s
N,a,m,e
s,t,a,r,s
B,u,s,i,n,e,s,s
N,a,m,e
s,t,a,r,s
B,u,s,i,n,e,s,s
N,a,m,e
s,t,a,r,s
B,u,s,i,n,e,s,s
N,a,m,e
s,t,a,r,s
B,u,s,i,n,e,s,s
N,a,m,e
s,t,a,r,s
B,u,s,i,n,e,s,s
N,a,m,e
s,t,a,r,s
B,u,s,i,n,e,s,s
N,a,m,e
s,t,a,r,s
B,u,s,i,n,e,s,s
N,a,m,e
s,t,a,r,s
B,u,s,i,n,e,s,s
N,a,m,e
s,t,a,r,s
B,u,s,i,n,e,s,s
N,a,m,e
s,t,a,r,s
B,u,s,i,n,e,s,s
N,a,m,e
s,t,a,r,s
B,u,s,i,n,e,s,s
N,a,m,e
s,t,a,r,s
B,u,s,i,n,e,s,s
N,a,m,e
s,t,a,r,s
B,u,s,i,n,e,s,s
N,a,m,e
s,t,a,r,s
B,u,s,i,n,e,s,s
N,a,m,e
s,t,a,r,s
B,u,s,i,n,e,s,s
N,a,m,e
s,t,a,r,s
B,u,s,i,n,e,s,s
N,a,m,e
s,t,a,r,s
B,u,s,i,n,e,s,s
N,a,m,e
s,t,a,r,s
B,u,s,i,n,e,s,s
N,a,m,e
s,t,a,r,s
B,u,s,i,n,e,s,s
N,a,m,e
s,t,a,r,s
B,u,s,i,n,e,s,s
N,a,m,e
s,t,a,r,s
B,u,s,i,n,e,s,s
N,a,m,e
s,t,a,r,s
B,u,s,i,n,e,s,s
N,a,m,e
s,t,a,r,s
B,u,s,i,n,e,s,s
N,a,m,e
s,t,a,r,s
B,u,s,i,n,e,s,s
N,a,m,e
s,t,a,r,s
B,u,s,i,n,e,s,s
N,a,m,e
s,t,a,r,s
B,u,s,i,n,e,s,s
N,a,m,e
s,t,a,r,s
B,u,s,i,n,e,s,s
N,a,m,e
s,t,a,r,s
B,u,s,i,n,e,s,s
N,a,m,e
s,t,a,r,s
B,u,s,i,n,e,s,s
N,a,m,e
s,t,a,r,s
B,u,s,i,n,e,s,s
N,a,m,e
s,t,a,r,s
B,u,s,i,n,e,s,s
N,a,m,e
s,t,a,r,s
B,u,s,i,n,e,s,s
N,a,m,e
s,t,a,r,s
B,u,s,i,n,e,s,s
N,a,m,e
s,t,a,r,s
B,u,s,i,n,e,s,s
N,a,m,e
s,t,a,r,s
B,u,s,i,n,e,s,s
N,a,m,e
s,t,a,r,s
B,u,s,i,n,e,s,s
N,a,m,e
s,t,a,r,s
B,u,s,i,n,e,s,s
N,a,m,e
s,t,a,r,s
B,u,s,i,n,e,s,s
N,a,m,e
s,t,a,r,s
B,u,s,i,n,e,s,s
N,a,m,e
s,t,a,r,s
B,u,s,i,n,e,s,s
N,a,m,e
s,t,a,r,s
B,u,s,i,n,e,s,s
N,a,m,e
s,t,a,r,s
B,u,s,i,n,e,s,s
N,a,m,e
s,t,a,r,s
B,u,s,i,n,e,s,s
N,a,m,e
s,t,a,r,s
B,u,s,i,n,e,s,s
N,a,m,e
s,t,a,r,s
B,u,s,i,n,e,s,s
N,a,m,e
s,t,a,r,s
B,u,s,i,n,e,s,s
N,a,m,e
s,t,a,r,s
B,u,s,i,n,e,s,s
N,a,m,e
s,t,a,r,s
B,u,s,i,n,e,s,s
N,a,m,e
s,t,a,r,s
B,u,s,i,n,e,s,s
N,a,m,e
s,t,a,r,s
B,u,s,i,n,e,s,s
N,a,m,e
s,t,a,r,s
B,u,s,i,n,e,s,s
N,a,m,e
s,t,a,r,s
B,u,s,i,n,e,s,s
N,a,m,e
s,t,a,r,s
B,u,s,i,n,e,s,s
N,a,m,e
s,t,a,r,s
B,u,s,i,n,e,s,s
N,a,m,e
s,t,a,r,s
B,u,s,i,n,e,s,s
N,a,m,e
s,t,a,r,s
B,u,s,i,n,e,s,s
N,a,m,e
s,t,a,r,s
B,u,s,i,n,e,s,s
N,a,m,e
s,t,a,r,s
B,u,s,i,n,e,s,s
N,a,m,e
s,t,a,r,s
B,u,s,i,n,e,s,s
N,a,m,e
s,t,a,r,s
B,u,s,i,n,e,s,s
N,a,m,e
s,t,a,r,s
B,u,s,i,n,e,s,s
N,a,m,e
s,t,a,r,s
B,u,s,i,n,e,s,s
N,a,m,e
s,t,a,r,s
B,u,s,i,n,e,s,s
N,a,m,e
s,t,a,r,s
B,u,s,i,n,e,s,s
N,a,m,e
s,t,a,r,s
B,u,s,i,n,e,s,s
N,a,m,e
s,t,a,r,s
B,u,s,i,n,e,s,s
N,a,m,e
s,t,a,r,s
B,u,s,i,n,e,s,s
N,a,m,e
s,t,a,r,s
B,u,s,i,n,e,s,s
N,a,m,e
s,t,a,r,s
B,u,s,i,n,e,s,s
N,a,m,e
s,t,a,r,s
B,u,s,i,n,e,s,s
N,a,m,e
s,t,a,r,s
B,u,s,i,n,e,s,s
N,a,m,e
s,t,a,r,s
B,u,s,i,n,e,s,s
N,a,m,e
s,t,a,r,s
B,u,s,i,n,e,s,s
N,a,m,e
s,t,a,r,s
B,u,s,i,n,e,s,s
N,a,m,e
s,t,a,r,s
B,u,s,i,n,e,s,s
N,a,m,e
s,t,a,r,s
B,u,s,i,n,e,s,s
N,a,m,e
s,t,a,r,s
B,u,s,i,n,e,s,s
N,a,m,e
s,t,a,r,s
B,u,s,i,n,e,s,s
N,a,m,e
s,t,a,r,s
B,u,s,i,n,e,s,s
N,a,m,e
s,t,a,r,s
B,u,s,i,n,e,s,s
N,a,m,e
s,t,a,r,s
B,u,s,i,n,e,s,s
N,a,m,e
s,t,a,r,s
B,u,s,i,n,e,s,s
N,a,m,e
s,t,a,r,s
B,u,s,i,n,e,s,s
N,a,m,e
s,t,a,r,s
B,u,s,i,n,e,s,s
N,a,m,e
s,t,a,r,s
B,u,s,i,n,e,s,s
N,a,m,e
s,t,a,r,s
B,u,s,i,n,e,s,s
N,a,m,e
s,t,a,r,s
B,u,s,i,n,e,s,s
N,a,m,e
s,t,a,r,s
B,u,s,i,n,e,s,s
N,a,m,e
s,t,a,r,s
B,u,s,i,n,e,s,s
N,a,m,e
s,t,a,r,s
B,u,s,i,n,e,s,s
N,a,m,e
s,t,a,r,s
B,u,s,i,n,e,s,s
N,a,m,e
s,t,a,r,s
B,u,s,i,n,e,s,s
N,a,m,e
s,t,a,r,s
B,u,s,i,n,e,s,s
N,a,m,e
s,t,a,r,s
B,u,s,i,n,e,s,s
N,a,m,e
s,t,a,r,s
B,u,s,i,n,e,s,s
N,a,m,e
s,t,a,r,s
B,u,s,i,n,e,s,s
N,a,m,e
s,t,a,r,s
B,u,s,i,n,e,s,s
N,a,m,e
s,t,a,r,s
B,u,s,i,n,e,s,s
N,a,m,e
s,t,a,r,s
B,u,s,i,n,e,s,s
N,a,m,e
s,t,a,r,s
B,u,s,i,n,e,s,s
N,a,m,e
s,t,a,r,s
B,u,s,i,n,e,s,s
N,a,m,e
s,t,a,r,s
B,u,s,i,n,e,s,s
N,a,m,e
s,t,a,r,s
B,u,s,i,n,e,s,s
N,a,m,e
s,t,a,r,s
B,u,s,i,n,e,s,s
N,a,m,e
s,t,a,r,s
B,u,s,i,n,e,s,s
N,a,m,e
s,t,a,r,s
B,u,s,i,n,e,s,s
N,a,m,e
s,t,a,r,s
B,u,s,i,n,e,s,s
N,a,m,e
s,t,a,r,s
B,u,s,i,n,e,s,s
N,a,m,e
s,t,a,r,s
B,u,s,i,n,e,s,s
N,a,m,e
s,t,a,r,s
B,u,s,i,n,e,s,s
N,a,m,e
s,t,a,r,s
B,u,s,i,n,e,s,s
N,a,m,e
s,t,a,r,s
B,u,s,i,n,e,s,s
N,a,m,e
s,t,a,r,s
B,u,s,i,n,e,s,s
N,a,m,e
s,t,a,r,s
B,u,s,i,n,e,s,s
N,a,m,e
s,t,a,r,s
B,u,s,i,n,e,s,s
N,a,m,e
s,t,a,r,s
B,u,s,i,n,e,s,s
N,a,m,e
s,t,a,r,s
B,u,s,i,n,e,s,s
N,a,m,e
s,t,a,r,s
B,u,s,i,n,e,s,s
N,a,m,e
s,t,a,r,s
B,u,s,i,n,e,s,s
N,a,m,e
s,t,a,r,s
B,u,s,i,n,e,s,s
N,a,m,e
s,t,a,r,s
B,u,s,i,n,e,s,s
N,a,m,e
s,t,a,r,s
B,u,s,i,n,e,s,s
N,a,m,e
s,t,a,r,s
B,u,s,i,n,e,s,s
N,a,m,e
s,t,a,r,s
B,u,s,i,n,e,s,s
N,a,m,e
s,t,a,r,s
B,u,s,i,n,e,s,s
N,a,m,e
s,t,a,r,s
B,u,s,i,n,e,s,s
N,a,m,e
s,t,a,r,s
B,u,s,i,n,e,s,s
N,a,m,e
s,t,a,r,s
B,u,s,i,n,e,s,s
N,a,m,e
s,t,a,r,s
B,u,s,i,n,e,s,s
N,a,m,e
s,t,a,r,s
B,u,s,i,n,e,s,s
N,a,m,e
s,t,a,r,s
B,u,s,i,n,e,s,s
N,a,m,e
s,t,a,r,s
B,u,s,i,n,e,s,s
N,a,m,e
s,t,a,r,s
B,u,s,i,n,e,s,s
N,a,m,e
s,t,a,r,s
B,u,s,i,n,e,s,s
N,a,m,e
s,t,a,r,s
B,u,s,i,n,e,s,s
N,a,m,e
s,t,a,r,s
B,u,s,i,n,e,s,s
N,a,m,e
s,t,a,r,s
B,u,s,i,n,e,s,s
N,a,m,e
s,t,a,r,s
B,u,s,i,n,e,s,s
N,a,m,e
s,t,a,r,s
B,u,s,i,n,e,s,s
N,a,m,e
s,t,a,r,s
B,u,s,i,n,e,s,s
N,a,m,e
s,t,a,r,s
B,u,s,i,n,e,s,s
N,a,m,e
s,t,a,r,s
B,u,s,i,n,e,s,s
N,a,m,e
s,t,a,r,s
B,u,s,i,n,e,s,s
N,a,m,e
s,t,a,r,s
B,u,s,i,n,e,s,s
N,a,m,e
s,t,a,r,s
B,u,s,i,n,e,s,s
N,a,m,e
s,t,a,r,s
B,u,s,i,n,e,s,s
N,a,m,e
s,t,a,r,s
B,u,s,i,n,e,s,s
N,a,m,e
s,t,a,r,s
B,u,s,i,n,e,s,s
N,a,m,e
s,t,a,r,s
B,u,s,i,n,e,s,s
N,a,m,e
s,t,a,r,s
B,u,s,i,n,e,s,s
N,a,m,e
s,t,a,r,s
B,u,s,i,n,e,s,s
N,a,m,e
s,t,a,r,s
B,u,s,i,n,e,s,s
N,a,m,e
s,t,a,r,s
B,u,s,i,n,e,s,s
N,a,m,e
s,t,a,r,s
B,u,s,i,n,e,s,s
N,a,m,e
s,t,a,r,s
B,u,s,i,n,e,s,s
N,a,m,e
s,t,a,r,s
B,u,s,i,n,e,s,s
N,a,m,e
s,t,a,r,s
B,u,s,i,n,e,s,s
N,a,m,e
s,t,a,r,s
B,u,s,i,n,e,s,s
N,a,m,e
s,t,a,r,s
B,u,s,i,n,e,s,s
N,a,m,e
s,t,a,r,s
B,u,s,i,n,e,s,s
N,a,m,e
s,t,a,r,s
B,u,s,i,n,e,s,s
N,a,m,e
s,t,a,r,s
B,u,s,i,n,e,s,s
N,a,m,e
s,t,a,r,s
B,u,s,i,n,e,s,s
N,a,m,e
s,t,a,r,s
B,u,s,i,n,e,s,s
N,a,m,e
s,t,a,r,s
B,u,s,i,n,e,s,s
N,a,m,e
s,t,a,r,s
B,u,s,i,n,e,s,s
N,a,m,e
s,t,a,r,s
B,u,s,i,n,e,s,s
N,a,m,e
s,t,a,r,s
B,u,s,i,n,e,s,s
N,a,m,e
s,t,a,r,s
B,u,s,i,n,e,s,s
N,a,m,e
s,t,a,r,s
B,u,s,i,n,e,s,s
N,a,m,e
s,t,a,r,s
B,u,s,i,n,e,s,s
N,a,m,e
s,t,a,r,s
B,u,s,i,n,e,s,s
N,a,m,e
s,t,a,r,s
B,u,s,i,n,e,s,s
N,a,m,e
s,t,a,r,s
B,u,s,i,n,e,s,s
N,a,m,e
s,t,a,r,s
B,u,s,i,n,e,s,s
N,a,m,e
s,t,a,r,s
B,u,s,i,n,e,s,s
N,a,m,e
s,t,a,r,s
B,u,s,i,n,e,s,s
N,a,m,e
s,t,a,r,s
B,u,s,i,n,e,s,s
N,a,m,e
s,t,a,r,s
B,u,s,i,n,e,s,s
N,a,m,e
s,t,a,r,s
B,u,s,i,n,e,s,s
N,a,m,e
s,t,a,r,s
B,u,s,i,n,e,s,s
N,a,m,e
s,t,a,r,s
B,u,s,i,n,e,s,s
N,a,m,e
s,t,a,r,s
B,u,s,i,n,e,s,s
N,a,m,e
s,t,a,r,s
B,u,s,i,n,e,s,s
N,a,m,e
s,t,a,r,s
B,u,s,i,n,e,s,s
N,a,m,e
s,t,a,r,s
B,u,s,i,n,e,s,s
N,a,m,e
s,t,a,r,s
B,u,s,i,n,e,s,s
N,a,m,e
s,t,a,r,s
B,u,s,i,n,e,s,s
N,a,m,e
s,t,a,r,s
B,u,s,i,n,e,s,s
N,a,m,e
s,t,a,r,s
B,u,s,i,n,e,s,s
N,a,m,e
s,t,a,r,s
B,u,s,i,n,e,s,s
N,a,m,e
s,t,a,r,s
B,u,s,i,n,e,s,s
N,a,m,e
s,t,a,r,s
B,u,s,i,n,e,s,s
N,a,m,e
s,t,a,r,s
B,u,s,i,n,e,s,s
N,a,m,e
s,t,a,r,s
B,u,s,i,n,e,s,s
N,a,m,e
s,t,a,r,s
B,u,s,i,n,e,s,s
N,a,m,e
s,t,a,r,s
B,u,s,i,n,e,s,s
N,a,m,e
s,t,a,r,s
B,u,s,i,n,e,s,s
N,a,m,e
s,t,a,r,s
B,u,s,i,n,e,s,s
N,a,m,e
s,t,a,r,s
B,u,s,i,n,e,s,s
N,a,m,e
s,t,a,r,s
B,u,s,i,n,e,s,s
N,a,m,e
s,t,a,r,s
B,u,s,i,n,e,s,s
N,a,m,e
s,t,a,r,s
B,u,s,i,n,e,s,s
N,a,m,e
s,t,a,r,s
B,u,s,i,n,e,s,s
N,a,m,e
s,t,a,r,s
B,u,s,i,n,e,s,s
N,a,m,e
s,t,a,r,s
B,u,s,i,n,e,s,s
N,a,m,e
s,t,a,r,s
B,u,s,i,n,e,s,s
N,a,m,e
s,t,a,r,s
B,u,s,i,n,e,s,s
N,a,m,e
s,t,a,r,s
B,u,s,i,n,e,s,s
N,a,m,e
s,t,a,r,s
B,u,s,i,n,e,s,s
N,a,m,e
s,t,a,r,s
B,u,s,i,n,e,s,s
N,a,m,e
s,t,a,r,s
B,u,s,i,n,e,s,s
N,a,m,e
s,t,a,r,s
B,u,s,i,n,e,s,s
N,a,m,e
s,t,a,r,s
B,u,s,i,n,e,s,s
N,a,m,e
s,t,a,r,s
B,u,s,i,n,e,s,s
N,a,m,e
s,t,a,r,s
B,u,s,i,n,e,s,s
N,a,m,e
s,t,a,r,s
B,u,s,i,n,e,s,s
N,a,m,e
s,t,a,r,s
B,u,s,i,n,e,s,s
N,a,m,e
s,t,a,r,s
B,u,s,i,n,e,s,s
N,a,m,e
s,t,a,r,s
B,u,s,i,n,e,s,s
N,a,m,e
s,t,a,r,s
B,u,s,i,n,e,s,s
N,a,m,e
s,t,a,r,s
B,u,s,i,n,e,s,s
N,a,m,e
s,t,a,r,s
B,u,s,i,n,e,s,s
N,a,m,e
s,t,a,r,s
B,u,s,i,n,e,s,s
N,a,m,e
s,t,a,r,s
B,u,s,i,n,e,s,s
N,a,m,e
s,t,a,r,s
B,u,s,i,n,e,s,s
N,a,m,e
s,t,a,r,s
B,u,s,i,n,e,s,s
N,a,m,e
s,t,a,r,s
B,u,s,i,n,e,s,s
N,a,m,e
s,t,a,r,s
B,u,s,i,n,e,s,s
N,a,m,e
s,t,a,r,s
B,u,s,i,n,e,s,s
N,a,m,e
s,t,a,r,s
B,u,s,i,n,e,s,s
N,a,m,e
s,t,a,r,s
B,u,s,i,n,e,s,s
N,a,m,e
s,t,a,r,s
B,u,s,i,n,e,s,s
N,a,m,e
s,t,a,r,s
B,u,s,i,n,e,s,s
N,a,m,e
s,t,a,r,s
B,u,s,i,n,e,s,s
N,a,m,e
s,t,a,r,s
B,u,s,i,n,e,s,s
N,a,m,e
s,t,a,r,s
B,u,s,i,n,e,s,s
N,a,m,e
s,t,a,r,s
B,u,s,i,n,e,s,s
N,a,m,e
s,t,a,r,s
B,u,s,i,n,e,s,s
N,a,m,e
s,t,a,r,s
B,u,s,i,n,e,s,s
N,a,m,e
s,t,a,r,s
B,u,s,i,n,e,s,s
N,a,m,e
s,t,a,r,s
B,u,s,i,n,e,s,s
N,a,m,e
s,t,a,r,s
B,u,s,i,n,e,s,s
N,a,m,e
s,t,a,r,s
B,u,s,i,n,e,s,s
N,a,m,e
s,t,a,r,s
B,u,s,i,n,e,s,s
N,a,m,e
s,t,a,r,s
B,u,s,i,n,e,s,s
N,a,m,e
s,t,a,r,s
B,u,s,i,n,e,s,s
N,a,m,e
s,t,a,r,s
B,u,s,i,n,e,s,s
N,a,m,e
s,t,a,r,s
B,u,s,i,n,e,s,s
N,a,m,e
s,t,a,r,s
B,u,s,i,n,e,s,s
N,a,m,e
s,t,a,r,s
B,u,s,i,n,e,s,s
N,a,m,e
s,t,a,r,s
B,u,s,i,n,e,s,s
N,a,m,e
s,t,a,r,s
B,u,s,i,n,e,s,s
N,a,m,e
s,t,a,r,s
B,u,s,i,n,e,s,s
N,a,m,e
s,t,a,r,s
B,u,s,i,n,e,s,s
N,a,m,e
s,t,a,r,s
B,u,s,i,n,e,s,s
N,a,m,e
s,t,a,r,s
B,u,s,i,n,e,s,s
N,a,m,e
s,t,a,r,s
B,u,s,i,n,e,s,s
N,a,m,e
s,t,a,r,s
B,u,s,i,n,e,s,s
N,a,m,e
s,t,a,r,s
B,u,s,i,n,e,s,s
N,a,m,e
s,t,a,r,s
B,u,s,i,n,e,s,s
N,a,m,e
s,t,a,r,s
B,u,s,i,n,e,s,s
N,a,m,e
s,t,a,r,s
B,u,s,i,n,e,s,s
N,a,m,e
s,t,a,r,s
B,u,s,i,n,e,s,s
N,a,m,e
s,t,a,r,s
B,u,s,i,n,e,s,s
N,a,m,e
s,t,a,r,s
B,u,s,i,n,e,s,s
N,a,m,e
s,t,a,r,s
B,u,s,i,n,e,s,s
N,a,m,e
s,t,a,r,s
B,u,s,i,n,e,s,s
N,a,m,e
s,t,a,r,s
B,u,s,i,n,e,s,s
N,a,m,e
s,t,a,r,s
B,u,s,i,n,e,s,s
N,a,m,e
s,t,a,r,s
B,u,s,i,n,e,s,s
N,a,m,e
s,t,a,r,s
B,u,s,i,n,e,s,s
N,a,m,e
s,t,a,r,s
B,u,s,i,n,e,s,s
N,a,m,e
s,t,a,r,s
B,u,s,i,n,e,s,s
N,a,m,e
s,t,a,r,s
B,u,s,i,n,e,s,s
N,a,m,e
s,t,a,r,s
B,u,s,i,n,e,s,s
N,a,m,e
s,t,a,r,s
B,u,s,i,n,e,s,s
N,a,m,e
s,t,a,r,s
B,u,s,i,n,e,s,s
N,a,m,e
s,t,a,r,s
B,u,s,i,n,e,s,s
N,a,m,e
s,t,a,r,s
B,u,s,i,n,e,s,s
N,a,m,e
s,t,a,r,s
B,u,s,i,n,e,s,s
N,a,m,e
s,t,a,r,s
B,u,s,i,n,e,s,s
N,a,m,e
s,t,a,r,s
B,u,s,i,n,e,s,s
N,a,m,e
s,t,a,r,s
B,u,s,i,n,e,s,s
N,a,m,e
s,t,a,r,s
B,u,s,i,n,e,s,s
N,a,m,e
s,t,a,r,s
B,u,s,i,n,e,s,s
N,a,m,e
s,t,a,r,s
B,u,s,i,n,e,s,s
N,a,m,e
s,t,a,r,s
B,u,s,i,n,e,s,s
N,a,m,e
s,t,a,r,s
B,u,s,i,n,e,s,s
N,a,m,e
s,t,a,r,s
B,u,s,i,n,e,s,s
N,a,m,e
s,t,a,r,s
B,u,s,i,n,e,s,s
N,a,m,e
s,t,a,r,s
B,u,s,i,n,e,s,s
N,a,m,e
s,t,a,r,s
B,u,s,i,n,e,s,s
N,a,m,e
s,t,a,r,s
B,u,s,i,n,e,s,s
N,a,m,e
s,t,a,r,s
B,u,s,i,n,e,s,s
N,a,m,e
s,t,a,r,s
B,u,s,i,n,e,s,s
N,a,m,e
s,t,a,r,s
B,u,s,i,n,e,s,s
N,a,m,e
s,t,a,r,s
B,u,s,i,n,e,s,s
N,a,m,e
s,t,a,r,s
B,u,s,i,n,e,s,s
N,a,m,e
s,t,a,r,s
B,u,s,i,n,e,s,s
N,a,m,e
s,t,a,r,s
B,u,s,i,n,e,s,s
N,a,m,e
s,t,a,r,s
B,u,s,i,n,e,s,s
N,a,m,e
s,t,a,r,s
B,u,s,i,n,e,s,s
N,a,m,e
s,t,a,r,s
B,u,s,i,n,e,s,s
N,a,m,e
s,t,a,r,s
B,u,s,i,n,e,s,s
N,a,m,e
s,t,a,r,s
B,u,s,i,n,e,s,s
N,a,m,e
s,t,a,r,s
B,u,s,i,n,e,s,s
N,a,m,e
s,t,a,r,s
B,u,s,i,n,e,s,s
N,a,m,e
s,t,a,r,s
B,u,s,i,n,e,s,s
N,a,m,e
s,t,a,r,s
B,u,s,i,n,e,s,s
N,a,m,e
s,t,a,r,s
B,u,s,i,n,e,s,s
N,a,m,e
s,t,a,r,s
B,u,s,i,n,e,s,s
N,a,m,e
s,t,a,r,s
B,u,s,i,n,e,s,s
N,a,m,e
s,t,a,r,s
B,u,s,i,n,e,s,s
N,a,m,e
s,t,a,r,s
B,u,s,i,n,e,s,s
N,a,m,e
s,t,a,r,s
B,u,s,i,n,e,s,s
N,a,m,e
s,t,a,r,s
B,u,s,i,n,e,s,s
N,a,m,e
s,t,a,r,s
B,u,s,i,n,e,s,s
N,a,m,e
s,t,a,r,s
B,u,s,i,n,e,s,s
N,a,m,e
s,t,a,r,s
B,u,s,i,n,e,s,s
N,a,m,e
s,t,a,r,s
B,u,s,i,n,e,s,s
N,a,m,e
s,t,a,r,s
B,u,s,i,n,e,s,s
N,a,m,e
s,t,a,r,s
B,u,s,i,n,e,s,s
N,a,m,e
s,t,a,r,s
B,u,s,i,n,e,s,s
N,a,m,e
s,t,a,r,s
B,u,s,i,n,e,s,s
N,a,m,e
s,t,a,r,s
B,u,s,i,n,e,s,s
N,a,m,e
s,t,a,r,s
B,u,s,i,n,e,s,s
N,a,m,e
s,t,a,r,s
B,u,s,i,n,e,s,s
N,a,m,e
s,t,a,r,s
B,u,s,i,n,e,s,s
N,a,m,e
s,t,a,r,s
B,u,s,i,n,e,s,s
N,a,m,e
s,t,a,r,s
B,u,s,i,n,e,s,s
N,a,m,e
s,t,a,r,s
B,u,s,i,n,e,s,s
N,a,m,e
s,t,a,r,s
B,u,s,i,n,e,s,s
N,a,m,e
s,t,a,r,s
B,u,s,i,n,e,s,s
N,a,m,e
s,t,a,r,s
B,u,s,i,n,e,s,s
N,a,m,e
s,t,a,r,s
B,u,s,i,n,e,s,s
N,a,m,e
s,t,a,r,s
B,u,s,i,n,e,s,s
N,a,m,e
s,t,a,r,s
B,u,s,i,n,e,s,s
N,a,m,e
s,t,a,r,s
B,u,s,i,n,e,s,s
N,a,m,e
s,t,a,r,s
B,u,s,i,n,e,s,s
N,a,m,e
s,t,a,r,s
B,u,s,i,n,e,s,s
N,a,m,e
s,t,a,r,s
B,u,s,i,n,e,s,s
N,a,m,e
s,t,a,r,s
B,u,s,i,n,e,s,s
N,a,m,e
s,t,a,r,s
B,u,s,i,n,e,s,s
N,a,m,e
s,t,a,r,s
B,u,s,i,n,e,s,s
N,a,m,e
s,t,a,r,s
B,u,s,i,n,e,s,s
N,a,m,e
s,t,a,r,s
B,u,s,i,n,e,s,s
N,a,m,e
s,t,a,r,s
B,u,s,i,n,e,s,s
N,a,m,e
s,t,a,r,s
B,u,s,i,n,e,s,s
N,a,m,e
s,t,a,r,s
B,u,s,i,n,e,s,s
N,a,m,e
s,t,a,r,s
B,u,s,i,n,e,s,s
N,a,m,e
s,t,a,r,s
B,u,s,i,n,e,s,s
N,a,m,e
s,t,a,r,s
B,u,s,i,n,e,s,s
N,a,m,e
s,t,a,r,s
B,u,s,i,n,e,s,s
N,a,m,e
s,t,a,r,s
B,u,s,i,n,e,s,s
N,a,m,e
s,t,a,r,s
B,u,s,i,n,e,s,s
N,a,m,e
s,t,a,r,s
B,u,s,i,n,e,s,s
N,a,m,e
s,t,a,r,s
B,u,s,i,n,e,s,s
N,a,m,e
s,t,a,r,s
B,u,s,i,n,e,s,s
N,a,m,e
s,t,a,r,s
B,u,s,i,n,e,s,s
N,a,m,e
s,t,a,r,s
B,u,s,i,n,e,s,s
N,a,m,e
s,t,a,r,s
B,u,s,i,n,e,s,s
N,a,m,e
s,t,a,r,s
B,u,s,i,n,e,s,s
N,a,m,e
s,t,a,r,s
B,u,s,i,n,e,s,s
N,a,m,e
s,t,a,r,s
B,u,s,i,n,e,s,s
N,a,m,e
s,t,a,r,s
B,u,s,i,n,e,s,s
N,a,m,e
s,t,a,r,s
B,u,s,i,n,e,s,s
N,a,m,e
s,t,a,r,s
B,u,s,i,n,e,s,s
N,a,m,e
s,t,a,r,s
B,u,s,i,n,e,s,s
N,a,m,e
s,t,a,r,s
B,u,s,i,n,e,s,s
N,a,m,e
s,t,a,r,s
B,u,s,i,n,e,s,s
N,a,m,e
s,t,a,r,s
B,u,s,i,n,e,s,s
N,a,m,e
s,t,a,r,s
B,u,s,i,n,e,s,s
N,a,m,e
s,t,a,r,s
B,u,s,i,n,e,s,s
N,a,m,e
s,t,a,r,s
B,u,s,i,n,e,s,s
N,a,m,e
s,t,a,r,s
B,u,s,i,n,e,s,s
N,a,m,e
s,t,a,r,s
B,u,s,i,n,e,s,s
N,a,m,e
s,t,a,r,s
B,u,s,i,n,e,s,s
N,a,m,e
s,t,a,r,s
B,u,s,i,n,e,s,s
N,a,m,e
s,t,a,r,s
B,u,s,i,n,e,s,s
N,a,m,e
s,t,a,r,s
B,u,s,i,n,e,s,s
N,a,m,e
s,t,a,r,s
B,u,s,i,n,e,s,s
N,a,m,e
s,t,a,r,s
B,u,s,i,n,e,s,s
N,a,m,e
s,t,a,r,s
B,u,s,i,n,e,s,s
N,a,m,e
s,t,a,r,s
B,u,s,i,n,e,s,s
N,a,m,e
s,t,a,r,s
B,u,s,i,n,e,s,s
N,a,m,e
s,t,a,r,s
B,u,s,i,n,e,s,s
N,a,m,e
s,t,a,r,s
B,u,s,i,n,e,s,s
N,a,m,e
s,t,a,r,s
B,u,s,i,n,e,s,s
N,a,m,e
s,t,a,r,s
B,u,s,i,n,e,s,s
N,a,m,e
s,t,a,r,s
B,u,s,i,n,e,s,s
N,a,m,e
s,t,a,r,s
B,u,s,i,n,e,s,s
N,a,m,e
s,t,a,r,s
B,u,s,i,n,e,s,s
N,a,m,e
s,t,a,r,s
B,u,s,i,n,e,s,s
N,a,m,e
s,t,a,r,s
B,u,s,i,n,e,s,s
N,a,m,e
s,t,a,r,s
B,u,s,i,n,e,s,s
N,a,m,e
s,t,a,r,s
B,u,s,i,n,e,s,s
N,a,m,e
s,t,a,r,s
B,u,s,i,n,e,s,s
N,a,m,e
s,t,a,r,s
B,u,s,i,n,e,s,s
N,a,m,e
s,t,a,r,s
B,u,s,i,n,e,s,s
N,a,m,e
s,t,a,r,s
B,u,s,i,n,e,s,s
N,a,m,e
s,t,a,r,s
B,u,s,i,n,e,s,s
N,a,m,e
s,t,a,r,s
B,u,s,i,n,e,s,s
N,a,m,e
s,t,a,r,s
B,u,s,i,n,e,s,s
N,a,m,e
s,t,a,r,s
B,u,s,i,n,e,s,s
N,a,m,e
s,t,a,r,s
B,u,s,i,n,e,s,s
N,a,m,e
s,t,a,r,s
B,u,s,i,n,e,s,s
N,a,m,e
s,t,a,r,s
B,u,s,i,n,e,s,s
N,a,m,e
s,t,a,r,s
B,u,s,i,n,e,s,s
N,a,m,e
s,t,a,r,s
B,u,s,i,n,e,s,s
N,a,m,e
s,t,a,r,s
B,u,s,i,n,e,s,s
N,a,m,e
s,t,a,r,s
B,u,s,i,n,e,s,s
N,a,m,e
s,t,a,r,s
B,u,s,i,n,e,s,s
N,a,m,e
s,t,a,r,s
B,u,s,i,n,e,s,s
N,a,m,e
s,t,a,r,s
B,u,s,i,n,e,s,s
N,a,m,e
s,t,a,r,s
B,u,s,i,n,e,s,s
N,a,m,e
s,t,a,r,s
B,u,s,i,n,e,s,s
N,a,m,e
s,t,a,r,s
B,u,s,i,n,e,s,s
N,a,m,e
s,t,a,r,s
B,u,s,i,n,e,s,s
N,a,m,e
s,t,a,r,s
B,u,s,i,n,e,s,s
N,a,m,e
s,t,a,r,s
B,u,s,i,n,e,s,s
N,a,m,e
s,t,a,r,s
B,u,s,i,n,e,s,s
N,a,m,e
s,t,a,r,s
B,u,s,i,n,e,s,s
N,a,m,e
s,t,a,r,s
B,u,s,i,n,e,s,s
N,a,m,e
s,t,a,r,s
B,u,s,i,n,e,s,s
N,a,m,e
s,t,a,r,s
B,u,s,i,n,e,s,s
N,a,m,e
s,t,a,r,s
B,u,s,i,n,e,s,s
N,a,m,e
s,t,a,r,s
B,u,s,i,n,e,s,s
N,a,m,e
s,t,a,r,s
B,u,s,i,n,e,s,s
N,a,m,e
s,t,a,r,s
B,u,s,i,n,e,s,s
N,a,m,e
s,t,a,r,s
B,u,s,i,n,e,s,s
N,a,m,e
s,t,a,r,s
B,u,s,i,n,e,s,s
N,a,m,e
s,t,a,r,s
B,u,s,i,n,e,s,s
N,a,m,e
s,t,a,r,s
B,u,s,i,n,e,s,s
N,a,m,e
s,t,a,r,s
B,u,s,i,n,e,s,s
N,a,m,e
s,t,a,r,s
B,u,s,i,n,e,s,s
N,a,m,e
s,t,a,r,s
B,u,s,i,n,e,s,s
N,a,m,e
s,t,a,r,s
B,u,s,i,n,e,s,s
N,a,m,e
s,t,a,r,s
B,u,s,i,n,e,s,s
N,a,m,e
s,t,a,r,s
B,u,s,i,n,e,s,s
N,a,m,e
s,t,a,r,s
B,u,s,i,n,e,s,s
N,a,m,e
s,t,a,r,s
B,u,s,i,n,e,s,s
N,a,m,e
s,t,a,r,s
B,u,s,i,n,e,s,s
N,a,m,e
s,t,a,r,s
B,u,s,i,n,e,s,s
N,a,m,e
s,t,a,r,s
B,u,s,i,n,e,s,s
N,a,m,e
s,t,a,r,s
B,u,s,i,n,e,s,s
N,a,m,e
s,t,a,r,s
B,u,s,i,n,e,s,s
N,a,m,e
s,t,a,r,s
B,u,s,i,n,e,s,s
N,a,m,e
s,t,a,r,s
B,u,s,i,n,e,s,s
N,a,m,e
s,t,a,r,s
B,u,s,i,n,e,s,s
N,a,m,e
s,t,a,r,s
B,u,s,i,n,e,s,s
N,a,m,e
s,t,a,r,s
B,u,s,i,n,e,s,s
N,a,m,e
s,t,a,r,s
B,u,s,i,n,e,s,s
N,a,m,e
s,t,a,r,s
B,u,s,i,n,e,s,s
N,a,m,e
s,t,a,r,s
B,u,s,i,n,e,s,s
N,a,m,e
s,t,a,r,s
B,u,s,i,n,e,s,s
N,a,m,e
s,t,a,r,s
B,u,s,i,n,e,s,s
N,a,m,e
s,t,a,r,s
B,u,s,i,n,e,s,s
N,a,m,e
s,t,a,r,s
B,u,s,i,n,e,s,s
N,a,m,e
s,t,a,r,s
B,u,s,i,n,e,s,s
N,a,m,e
s,t,a,r,s
B,u,s,i,n,e,s,s
N,a,m,e
s,t,a,r,s
B,u,s,i,n,e,s,s
N,a,m,e
s,t,a,r,s
B,u,s,i,n,e,s,s
N,a,m,e
s,t,a,r,s
B,u,s,i,n,e,s,s
N,a,m,e
s,t,a,r,s
B,u,s,i,n,e,s,s
N,a,m,e
s,t,a,r,s
B,u,s,i,n,e,s,s
N,a,m,e
s,t,a,r,s
B,u,s,i,n,e,s,s
N,a,m,e
s,t,a,r,s
B,u,s,i,n,e,s,s
N,a,m,e
s,t,a,r,s
B,u,s,i,n,e,s,s
N,a,m,e
s,t,a,r,s
B,u,s,i,n,e,s,s
N,a,m,e
s,t,a,r,s
B,u,s,i,n,e,s,s
N,a,m,e
s,t,a,r,s
B,u,s,i,n,e,s,s
N,a,m,e
s,t,a,r,s
B,u,s,i,n,e,s,s
N,a,m,e
s,t,a,r,s
B,u,s,i,n,e,s,s
N,a,m,e
s,t,a,r,s
B,u,s,i,n,e,s,s
N,a,m,e
s,t,a,r,s
B,u,s,i,n,e,s,s
N,a,m,e
s,t,a,r,s
B,u,s,i,n,e,s,s
N,a,m,e
s,t,a,r,s
B,u,s,i,n,e,s,s
N,a,m,e
s,t,a,r,s
B,u,s,i,n,e,s,s
N,a,m,e
s,t,a,r,s
B,u,s,i,n,e,s,s
N,a,m,e
s,t,a,r,s
B,u,s,i,n,e,s,s
N,a,m,e
s,t,a,r,s
B,u,s,i,n,e,s,s
N,a,m,e
s,t,a,r,s
B,u,s,i,n,e,s,s
N,a,m,e
s,t,a,r,s
B,u,s,i,n,e,s,s
N,a,m,e
s,t,a,r,s
B,u,s,i,n,e,s,s
N,a,m,e
s,t,a,r,s
B,u,s,i,n,e,s,s
N,a,m,e
s,t,a,r,s
B,u,s,i,n,e,s,s
N,a,m,e
s,t,a,r,s
B,u,s,i,n,e,s,s
N,a,m,e
s,t,a,r,s
B,u,s,i,n,e,s,s
N,a,m,e
s,t,a,r,s
B,u,s,i,n,e,s,s
N,a,m,e
s,t,a,r,s
B,u,s,i,n,e,s,s
N,a,m,e
s,t,a,r,s
B,u,s,i,n,e,s,s
N,a,m,e
s,t,a,r,s
B,u,s,i,n,e,s,s
N,a,m,e
s,t,a,r,s
B,u,s,i,n,e,s,s
N,a,m,e
s,t,a,r,s
B,u,s,i,n,e,s,s
N,a,m,e
s,t,a,r,s
B,u,s,i,n,e,s,s
N,a,m,e
s,t,a,r,s
B,u,s,i,n,e,s,s
N,a,m,e
s,t,a,r,s
B,u,s,i,n,e,s,s
N,a,m,e
s,t,a,r,s
B,u,s,i,n,e,s,s
N,a,m,e
s,t,a,r,s
B,u,s,i,n,e,s,s
N,a,m,e
s,t,a,r,s
B,u,s,i,n,e,s,s
N,a,m,e
s,t,a,r,s
B,u,s,i,n,e,s,s
N,a,m,e
s,t,a,r,s
B,u,s,i,n,e,s,s
N,a,m,e
s,t,a,r,s
B,u,s,i,n,e,s,s
N,a,m,e
s,t,a,r,s
B,u,s,i,n,e,s,s
N,a,m,e
s,t,a,r,s
B,u,s,i,n,e,s,s
N,a,m,e
s,t,a,r,s
B,u,s,i,n,e,s,s
N,a,m,e
s,t,a,r,s
B,u,s,i,n,e,s,s
N,a,m,e
s,t,a,r,s
B,u,s,i,n,e,s,s
N,a,m,e
s,t,a,r,s
B,u,s,i,n,e,s,s
N,a,m,e
s,t,a,r,s
B,u,s,i,n,e,s,s
N,a,m,e
s,t,a,r,s
B,u,s,i,n,e,s,s
N,a,m,e
s,t,a,r,s
B,u,s,i,n,e,s,s
N,a,m,e
s,t,a,r,s
B,u,s,i,n,e,s,s
N,a,m,e
s,t,a,r,s
B,u,s,i,n,e,s,s
N,a,m,e
s,t,a,r,s
B,u,s,i,n,e,s,s
N,a,m,e
s,t,a,r,s
B,u,s,i,n,e,s,s
N,a,m,e
s,t,a,r,s
B,u,s,i,n,e,s,s
N,a,m,e
s,t,a,r,s
B,u,s,i,n,e,s,s
N,a,m,e
s,t,a,r,s
B,u,s,i,n,e,s,s
N,a,m,e
s,t,a,r,s
B,u,s,i,n,e,s,s
N,a,m,e
s,t,a,r,s
B,u,s,i,n,e,s,s
N,a,m,e
s,t,a,r,s
B,u,s,i,n,e,s,s
N,a,m,e
s,t,a,r,s
B,u,s,i,n,e,s,s
N,a,m,e
s,t,a,r,s
B,u,s,i,n,e,s,s
N,a,m,e
s,t,a,r,s
B,u,s,i,n,e,s,s
N,a,m,e
s,t,a,r,s
