,Business,Auth Score
0,Yyym58vWvlRPuMCOICWRBw,134
1,Xg12RikHzyFCgFBApWtcdw,104
2,Mf9io8WkMyGautXuSSfGTg,288
3,t-jwGEBsMYlQYxiiqImpIQ,384
4,JeU01XydOJZBWAnlqHwP7w,100
5,fyE5YY52BuPH9NUyvaTpSg,21
6,xH0jFsCsdC5qIRCPK2rQQw,11
7,IAxXfqa5dZ89oWLhiNpwhA,38
8,RnbGHCsUHXZHg6uovJEOuw,14
9,EVRxtTx_olxE0FOXpq2jyQ,29
10,Lbkmt8RRWw_VefKsa6kFiQ,148
11,92U5Fpu4dFh4wZvAJHM6lw,19
12,Fk6ukR0VYItru6FKSg9HWw,688
13,9c0TJ0m9Jq-PVyXUGzCT0A,492
14,ORQERPJ_ZXq_jdKwwOIXbQ,33
15,hFInClJns9HoGiB-eq-xtg,272
16,YIMAkkwK_8sBlUEnesSCZA,611
17,Ttdi1GklLuUL2Jfz25NAOQ,568
18,Ggj82AEtf-6St6_0OvcPxw,149
19,cf3cpzJKYcwYYLwCdZt4nw,20
20,aSCQeWftYjWWjwQiCfg7sA,99
21,DLiqGCGmEvlvDtHN3v1y7w,7
22,Jty06K7-b5v_bE6hlSXLBg,8
23,yQ2tSfi02Wx_2BMKMudElQ,18
24,We-g--hzNy9pJbVuNt4y8A,22
25,umx-MG4EvFoXWMH0FK52ew,81
26,yhnMXdiJUmD-d4vIbyYAAA,137
27,g93Zs0YcG5B7Zcz_YWXXkA,355
28,uvi1qU1MoScdIN5jzWuMsQ,321
29,g4MSwAbA0lteNqFEMDJWOQ,17
30,XmM4-SnXtz37G5aXDkzp5A,12
31,DrQuKhjlSbamzC9F0lXOzQ,379
32,riOZPe7n3aiqALFBgtRyrQ,36
33,zJwaZLSbj75X_i-gmRvvQA,13
34,2Abz7Mze51E9GMI_mhDriA,15
35,FU6Zwpiutkz1k2IAYCXBxA,49
36,in_z30OnPyDwh8jxWBTpNQ,85
37,8xuDj4JiODmlTwv1uNI8XA,27
38,w6yVZ_8X6XBeDkPAE1bi1A,7
39,WiZwFUPIoH1a3Lt4ulXyWQ,109
40,zpsdqTGCXlQ0b_FlZRgkfA,22
41,aLTztWKZj6JNKXQ8OYTo6Q,687
42,zqMeyheGDu5f5xACncsosw,5
43,fz2U9Mr9HuQTJeryUePu0g,115
44,wLHLYa0DmjARl7tE2GSZdw,856
45,PoF5Xpd_PyDvu2mdb7iUyA,70
46,gWYzvh1S3LuiuraiZSDi8A,101
47,7_FLBHFL1ezR5OKHy0jGvA,138
48,_OjSJHhQLtKowY0v6LME-g,19
49,TDQ0lSTHW3RyfVWQuwbBGg,2322
50,foEf7vo6AFr_FayWt_7sbQ,36
51,nbCK0kdTrEMby6luCfdo8A,9
52,gymhlzBz0uRHXeIXNE_ETw,262
53,PZ5frL_TOMraszgUjGc3bA,10
54,PgHJ1Pw3dMWxw4cw1DqLtw,394
55,YKq8RvURpPLN2lfTHOvmAA,11
56,t5-Mtshtu2tiaxdrjpYdcQ,78
57,ePp5GHrsIF9Ujxo2QE_2pQ,541
58,TgV3tXgKAlPYdhdxQ3ogTA,21
59,PffqggGwCvqJN2HdZAhgzQ,43
60,4fgFr6XMv0tI41nINQ5fKw,252
61,QDFZa9ffy0AHI4Y_5X2Zzg,30
62,iVufBRVDSCj4Mhrw5_aF6Q,29
63,Fkf7gNoK3UWH9e5NSmqYIA,42
64,9Nd-iUxUJ8rUquL_6zjS-Q,81
65,QdzcEf1OZ1pFwmP1WwysjA,325
66,y1WeMCv-I16fbGLivgI-nQ,58
67,hTBGfuyny23_TN1mnowL3Q,475
68,9wL5M39Jx-LYx5eyHBoTRg,270
69,UZTzlp3ObiKVMcYfG1QqUg,15
70,pC_LcJ2LAaCvH3IN1POS2A,157
71,I9nN3fAKSgQAAn3uyItvTw,208
72,uKY6mL1tuJJr2QWWCi26uA,122
73,IuSPZ37pa3GyE4PVTGlR6Q,184
74,qpGM9CqM3FFu4Meec4vV1g,148
75,OOgZP-MF8-8EUPNrtXTwfQ,25
76,LMzCJm-EfQhNkCxzdZmHpQ,29
77,ObHc2Y16ZQwHQzfQsOu7vg,9
78,EEASyy-TwGE__-QzmMPMdg,169
79,kwLzXTBNRhz9araScfT06g,300
80,GE6C4sjSFKRdbB99g93N5A,61
81,I8rrpIT8vxaYeiSQhc1aiw,64
82,q_OJwJDyLp25Uo_Gpu-1zA,102
83,s_gmZYDkykM_2NzbPeJsfQ,542
84,x-EHurLSxaj0XxVVjdEYEw,21
85,I-mG0IJdCsGHVcHh7RgEqg,15
86,_GOHNG4XZd5TToU6Xnw2Fg,85
87,ZsL9x34cuBwUhHcF5dKT8A,76
88,OdLix5-0prtZdIzhktCjJA,24
89,c1ulKY2V3tCXW1MQkiSF_A,259
90,hTGEtCJcFewhD_dp8gNwKQ,69
91,vIjwO_Zoie83l5sayr2VvQ,38
92,9LwjuonJqKdL2iieNuS4mQ,195
93,XFIZkTK8hZEEflZLXiFH5Q,27
94,ycCLPNrua9W_gLg5rO0eaw,173
95,duKN8AgI0bVll_uf79fKTw,19
96,zIjLnI4QI2iIeCXqT65ToA,138
97,NdZdfpNMFNMqngQfntoAUw,39
98,pRf2UqZysWNx7jK13Cwa6g,182
99,eDbBD_tedNG3zLEGoHI2XA,362
100,R8fLQ6TLz06MQR69KQJ83g,3030
101,ZcU4f1yrW6xPkQZJw1N-Cg,73
102,ge0EA65MTtPu05U1eTEIxA,12
103,VXIHuiDfzzdmKhlkweT4Zw,80
104,CrXimEAGMV-zD5cYHLdtHQ,26
105,289ddwg2Pn1OhlT2SjXQvQ,559
106,JFqm0DAeJu5QtjwsW6Kuqg,484
107,QNRNBEfAExG6PVB0VNt-Lw,176
108,s6REZ2GzuMJbPmQrllV-2Q,112
109,LppG1feltOuVZYl04lSMEw,287
110,f2AKJPv30MgH15jXYmDypg,151
111,aTaY1M_WL0Dk-CwssDl9FQ,14
112,za7as1wi0faskW_ZBqJuuw,6
113,nqvgUeG46zEh_wTrTMIMfQ,9
114,je295BZsK7HtYceCTvT48g,153
115,3mOZXMaKrf_CYs01hGus9w,136
116,MhgRzcaDMqdIJJGebkBshQ,81
117,GbRnsy9G-9Hb2Lnhg8r59g,36
118,gPWBY4sBRlMwZQCS0megEA,27
119,4dSwQNOA5yKbnuQ0EqETRg,71
120,Xhmz1SZnPovMNnVKI4umHA,14
121,nU-S7XRc14kT1wNM3rc_Yg,471
122,TiavT1mRqd8inQ1dwBYzNg,108
123,asBoY4m6atO1SJneW-hj8g,12
124,fF0jo9xYtKy4c7TqHOs5aA,109
125,lQDztsRIB7vh6QYcQCX7DQ,34
126,HRgkiVz2TqfMkCS9f1JDkw,38
127,rMNwkuoiHBwjFZlrV9n4rg,191
128,82abcJRUu-mqqLmsaVPWCA,18
129,Tjeh63fd3W0YEEW1j6tQXg,24
130,-uy7MSJkn2a8a7qYDx8iHQ,64
131,4jOreXu9ctLBWOJWMtNv1w,352
132,8_j8qojVTpnGK6KHsbojdQ,32
133,L39eDFM0koytGrtfySYWfw,639
134,4fv3LLm1YhssvinomIqugQ,152
135,VKKULPUhvStzt_yXxl-hyw,24
136,72Hlosf_CxEQgw4yFjIzeg,59
137,IrQsAceWxBzs6HsnIN6BnA,36
138,WQFn1A7-UAA4JT5YWiop_w,1341
139,aVI2RO5c4SVLkeziiMXMfA,20
140,iMmr9nW1uwDb4wRiNFhfvQ,79
141,xMOUK9BJri2dfuUQKzZjbQ,34
142,__v852ndZOY0_iOYEKcO-w,13
143,Bwy5fyJniv8kJI6Mt3jiIA,75
144,Pc-9Q6To_bYL1AKtFiYeag,134
145,IkTv4OUvIkC8-ISAS900gQ,30
146,MAJdlgSv5jw0_c2nXNL1vA,345
147,vpc2imrks9KeDALYaM1rGA,115
148,SjyTb_6IosqCXpCRaKcWTg,78
149,qFXGCo7UoBQK0YYJyF9rEA,75
150,7cgsrdFmKTNfKmPjZQv2lQ,51
151,iQr4p4LxH3zi3Qx5a74ZoA,627
152,dTvxhXdJwBLaOLuSVcNuIw,38
153,xWZdojRWoPtnkDWdKZHy3A,18
154,anTFQdJc6i8hWjXhtHnTAw,31
155,HbqSao0WSeukiZfcza7RUw,58
156,OVbBaazmg7uvRyDjHi76hA,26
157,PgAihGrv8kHaV_6zIAwvEQ,2145
158,eY3-ZE8-njGOglACqFYqVQ,1840
159,KR7RkHdwAQ7ZdwkPKFbImw,28
160,rgGJMwcrNTuCcY493q_YuA,2373
161,qZMhCr-MAcJ7Z29ndMJM7w,30
162,4_scDQ_hNwtkmEgcdWTCHA,7
163,X0C6kSIsmv3QhPAoi9Sx2A,104
164,VjHmiE0VXbxZSsMO_GC99Q,133
165,sq4bOgJRWFLBPmvzHFGUCQ,36
166,ntR-YbnU80Nx3jb4Bf3s1A,79
167,5xDU2rGPH-vgVYgkvPOBhQ,28
168,GWVRL4S8ghi3upqJ3dZINw,68
169,uKWUM75mrXsLltX4-7tTEg,108
170,NNh_hPHle6bjuvJw1PE4Qg,55
171,jUEiYQp_IffAP8GOc0apsg,93
172,HfYfJaoBnMReKHn3GZsXhg,214
173,S5lyqbi-9vvtMAXPshYsWg,15
174,A83qkOnQhzmr7XHzyzZSzA,69
175,2F1BaBddnwN7OS7skSPEpw,147
176,hun07JnyTs9Ide-FrQ64UQ,70
177,b4ADU-22hEjIs0wvaRz39A,27
178,3hIazoC1ZQnvlk3-e1T0kw,22
179,tuboNpCsW4u5yYwjN8tq7A,93
180,ykYm7PJ1ZilBYe3fNnPBbA,10
181,o48vXhP4p4F3rcD5f_H2fg,25
182,KjTgZjYVeKucLto_PHO2lw,333
183,_497Ozj0-FLgNM6cpSMbrw,256
184,rynOciIFum3WYIL-OV8rgQ,282
185,7Q7un33R5uGQ2mbPbknOjw,107
186,0ufzllUomcyLWJNQ42fIjg,44
187,lN23XtUwZKSsXl72S2cBIA,118
188,iv-dFFvYYU3dqD-OMEA4-A,16
189,Co1xYVXBzNOD5Lu0QJKNqg,7
190,Z40UPSOTi1lCuHPxZKhvgQ,33
191,8T2EEQMVVqv18YSJkeBqBQ,77
192,bzny-7M_JjYHsKuoCpg0eQ,145
193,kZCleRE760TMEZYWrVgzWA,121
194,T0HO3KwNCrvo0gno2EpLmg,41
195,_Y7nha0oQ_v3-wxxuFf_Zw,95
196,yp8Yt37mMW7bx_YwWl8lQQ,182
197,jxTMV3hjxrmuDWn1fZdnag,49
198,QY-1E9Qwz9jKrqvrJ9BwzQ,169
199,t4YDCn09E3TbPT_aC3qiQw,24
200,-cmLahbAhCgi-Zw24eQvqg,719
201,2vjFxnObk7dRm-sHhKBEdQ,96
202,s2KWIFpRfyY2dPPRZ9SA-g,16
203,KOR9b08XtaUQ3ipBwt9dxg,202
204,orQWK_ERp45wSBJm1joisA,1059
205,SF4tAIuRHbQyP0A_4B_cRg,115
206,ObbnjzKq3Sl03XzskNNOGg,46
207,8sBA-kBlOyqXjw0nMaH-BQ,47
208,mAM8m5iXalmqmFT6aQsyZA,1882
209,41HdFGoAr5AzaKtyvg7Ljg,5
210,aXqykbWTlx3IO-20cjf2Kg,48
211,fPaC6JozeKbF2siTdzGxRw,962
212,k0p_q7FgCpaG3QCrTlOs1A,87
213,FQb0d0RdyYVFoctHL2WRLw,64
214,QXFzz9YI6-Pifb1bQbQm3Q,14
215,f5hNlPv3nb7J-iYUs_HYIg,41
216,ys4IH6aGcYXBMlWo3U3CNg,86
217,fxeu4DNRXfEkNXZ3wc5HQg,846
218,gPAUPgialT8wu5wx3bpx1Q,165
219,LQ4q_6nghQ5LL5r6hur1pQ,27
220,J6l9_o3jBPGoHpLBvGEO3Q,97
221,7ZLk8ckPTdOrSmT7pJiR5g,26
222,m5UrrCElICh8lalXBngcFw,217
223,28SbJze_jyShFsj9CKmlEA,15
224,WBhSjHyoo4Hqi0YLNlOsgA,337
225,FcI8kxlAI9Ut4wRA2xa3bQ,17
226,89r2ZrX-RjOLm4dk2zHE1w,32
227,nnzC-mRpElzW89FvpymChQ,27
228,OqeI84LHBO0g0xVRFywsDg,1075
229,aR2kk9lWxp2GybVdmrpmSg,188
230,GwzZPf2CeIrlcgsBnWu-og,115
231,fdkef52EDfCSPBa4Gtyoxw,18
232,go_6CFoto66Booj4007G5g,15
233,Pla6axzpJ3VUgperN4LVzA,145
234,uYsv_qMl_068yijGtbrUmQ,93
235,GRu4FBOkyUYEnA03ZgOKmA,217
236,JkhXi-3RJtmUTlkjrSdWSw,2840
237,ujMV3zBgbeYgW0gNmghujQ,18
238,0cq2epPBkZGcTeX4qtRPxQ,17
239,zzA7GQUwsLoy5uTXolJg2A,40
240,0Y5XXVsq6vKu5HL5yf7p5w,943
241,0rvoQUhNzfu15rNM8j4_RQ,67
242,Aef2pZlrprc4SV3tUgHbwA,774
243,6exKqf0SgNASMQuOSndYlA,32
244,c2NE2sy4ONQnKyHFvXdG0Q,44
245,tTZ9P5srVe1qGkDzixqiZQ,22
246,-cwohL_LlHhO-M7GXdmSiA,24
247,2Zujt4BHGByOkTy-4Ayekw,33
248,quLOhGEbXcA7OCfVC5Ym4g,81
249,n_scA6sXF1dhXMD3OyBmnA,38
250,dygLk6_vDgWW0UuIoU1JAg,41
251,A9vigLhmcUgSa-GWtuRAkg,8
252,dech80KJVPLqAEbt6ogkSw,17
253,X0ARN2Brd5oajPMzxZnl3Q,12
254,-YX1ipuGO1PXKoSoPQvF1g,33
255,lfve4YlJrJBcfkQrwkjQrw,15
256,b3GQyje-shvbi6hawqyuJQ,52
257,75Z0hp-jONSM4kLUiPxEEw,447
258,BCj2GtPukWqxMGldB4Pb3g,74
259,PUqo2TsV20_KnZgEPraqIw,19
260,7H_eVAxnqfN_9_5kZmyhMw,187
261,gEIlgEBS1IxzKQvJyCmiKA,15
262,_Upa5fzx1oValc6pXlzz6Q,134
263,GobfrBZcaDBtCM8P94NpOw,93
264,SuUw1HBgguftCDvVUcam4A,52
265,ItVN3K0xIFdIiu5dk2huvA,1701
266,n0wBuuymh2a63x_UyDUTGg,65
267,abBoCdgZkbmLYrMqHZyspw,9
268,Uj11HAnW6wHvS_Qel3BHOw,746
269,XZHZEJudlabAh9113L3pfQ,13
270,2_CoNRhyNbjKPshYuMfwGw,113
271,PyVnCE21xOfBfhOT03wynQ,233
272,UWEAE6BY_R3sHCDSWsf83Q,34
273,29VxDs9GWhRxutRnyPgQcg,36
274,FtDPbKn8w7cwepW7gqe24w,406
275,EBCC-k-wrhW2aAXwm6ASiw,8
276,HRRQtgM0D4s0KFfr2q8b4g,299
277,uyW6OtCjZmPzYiAvPw60cA,112
278,BOhJTLZogVVLj9AFao9pOg,74
279,o1qJAzcr-ilJGmYmhCzS3g,74
280,KE9te3_R6YRTaAAyK42Cwg,25
281,bf9mrBeCKyk_RbMJxoPEBw,57
282,D2raVrnJ3ncGnNijLwGD5w,15
283,XpiHVCqY5xfU7FxpaBf2Zg,15
284,3_oSDDdeK-j4p741sjUDSA,50
285,U0ekeaed4uUdrMe00Vn4ew,658
286,KScykVsMWJTz-fstyYAS8g,217
287,AXTSdBFC1GOa9KZ26wAI0A,65
288,X7jo2FhFdJZ5QUMEYi3nhA,28
289,Vvplg-ZyApIrHU4eeJupgQ,28
290,sU1hgeFw07ny3oy-V5IcXw,302
291,XGn8YnJPmmty9DGRgnUxWQ,94
292,nboC7H0-4YlJsovMssegQg,117
293,dfciAlE88XpIpZJxa9JbXg,42
294,lLTHrKqW4EkJbmrDPe3rUA,38
295,G4dudzFdmaPoPkGWb3MU7Q,7
296,eAhl-7mlxOKCbK_HubWWlQ,126
297,cqw6szES-3kunEubQ4nrwg,25
298,LWIaZXIuWzxrjmwwROKE0A,45
299,fbJYo0oN9895EITvThL7rg,40
300,0lmcVfr2QC59VKIe_cV17g,10
301,Lk6g8wurl8Y8694rm46rqA,42
302,wEojNzVdunMRSHTYKILbrQ,23
303,sEdfswGxHyrpK9EnUPnlMw,12
304,T1r8VNuEWlsmmHCER4nnUA,619
305,c70YG0fxzomQ3vQs0gP-2g,60
306,EDuIorJbeoSNLpGgCHI2dA,7
307,mnSyFx1rscaFTsC3ZRUpNw,517
308,l-0VbWbaWL1JbJjFintnkA,242
309,GI44wtiGSD5kXTXN5mXxPA,98
310,qSF0uQueJT5fBqcjMqAVrw,132
311,Y4upEeAyc9xaGNlHMMiaTA,96
312,4-T5cEsJ5NtIDm3eItgpyA,5
313,7I4SSq8xajMhucSoPUODfA,89
314,ZbD1yKuzecbySCdr07UNVg,122
315,KPWCI3loLbmxsdFXUf1HyQ,36
316,AePaxKtozm0w0EONWjqXeA,23
317,UYRppuRxEQ5-iTP1HE5o0w,110
318,oDGmRYtgHzK_fugbbH2ckQ,256
319,Sn9hihhn1veG23faWDTu1g,302
320,1WqiMAuGjKQr_EXVcN5Bnw,387
321,cc5-XfEoB838xvBB10e3cQ,291
322,Z_VN4TBmTBWBJNAg3nQwdg,157
323,gTbp7VLoKzWjMxxxsaoX1w,15
324,Ku_njtHdgT80Q38k-oR7Gw,132
325,7L7MnWF0LTyaF3fuHh10Zw,25
326,SSOpf_DYUEbtSBqWwaQ-TA,670
327,PiiU0eP0CfmCVgWubeHVWQ,33
328,KJd5_7hejTqavmFXNORNLg,23
329,blH8bw_G2mqoY9vha7nQSA,9
330,6PvIP_HR8n8XLeKN7HfMgA,78
331,wYpSVRPZmUQK9esKGudOdw,22
332,sVDjNCnEb7voV9-HKu4j0A,30
333,--oBEBz4LU1tgA3Ys-BVeQ,11
334,f4KZNHl5coTTQClU0oOScA,15
335,eoENiZ7WyG_M1CH4O-qOyg,18
336,LnYGNd5wz1-IG-_s0JUxVg,13
337,RxngSu8VYGlwZyeOPNw2mw,255
338,GtDV4mxC-NfSTDRnxf8VFw,20
339,k0KhcOuhXxxrsWTAJfqjVA,232
340,zaXsV-vyYHd0mGAqOfpg6g,74
341,yN9qHjqpQuEn0TQj5zDnzw,84
342,zfARrndX5_VhYei3HU_ZfQ,424
343,fD3C2XYz7Ro3vjWsOE4yRg,643
344,PUWkIpcNAiycUD3Sih4_Jg,14
345,9tDqxtIeIa-HYWuIsJSHpw,8
346,yUm1QwyZeWi6ZbMkZ4XhBg,13
347,TqqA4l9AlmsdWMBkzFueMg,109
348,zMWyrUkmwHbcJ0r79ihrew,68
349,A8ynPWizUrIPH0cafcz9fA,159
350,R2LbKrWuHGUB6DJdDwJ4qg,45
351,KCjChu9dbeu4QBZ8snBU-g,20
352,msflwi9eJ0RIazvKyJ0oew,323
353,phdHgT0fPvu3U_V463I1aQ,21
354,XDD7ftvXJnsc95N9nJKioA,164
355,kaIy8BZYtLxlK4drtAPmiQ,398
356,obh41pGTK7mKFN33osr8VQ,25
357,32ZksV7GnEWRiU5exlbtCA,24
358,bYXD9wp8Pq765d1YB0tjmA,170
359,9StfnWHi-5LTiPtMAlGZVA,14
360,KIEMNmybAxclakugZ3UYUQ,9
361,IqdvnFkupniIQFLafrpUqQ,14
362,UGI6h6Xmk-G0t0FjABhooA,6
363,unZdR4reO0Kircz58XHuYA,160
364,JOdVxgdUhftaw0ftmy04Bw,24
365,T_yWETC7hyFIe_wPIRUfzg,142
366,stYo58ayB5XTY6kFlo100Q,21
367,42W2AAiHIzhdK2-Lko4WGw,17
368,YhMMMptXMwODGrWGwUpasQ,333
369,BKuJ8feLmWlIGtrKkJfJ0w,9
370,nfO_9gJ-_ObmYmO3ueXnrQ,10
371,0x1JRg1vqYbNITTxpbqxEA,14
372,fkdbaBiuM13XggNcu4fEhg,216
373,_0rblyfIRBEcX830ODndgw,144
374,BkSnF-_vtA1aVbo00_Z4LA,31
375,VLDJlWQyDuB33aA_zCtImg,334
376,W2e8AE4hG_CaBeCGz00Sow,52
377,Lgz5Og9gDv67vY37YNe4DQ,250
378,k05gtTmlZMMaPk-jdOoHaQ,83
379,4EWF9OpFVl0HGy30HMJm-A,32
380,6k3LlF3mggndfUgbA9j5rQ,278
381,2vlNkDUL6kCuYpxXT5OI7w,75
382,RK7_UxaaMrXVgYi4rQcHeA,33
383,jB1EG3vSyTb_dZ71OaFVLw,90
384,Cu0B7QpoB4M3INveolnSVw,11
385,-nUnmbSwcQkjRhs3Xt7PpQ,193
386,SzpZgg-csI2CfQaHYSupqQ,15
387,B_rTqXAJFSecnIInfoJk_Q,80
388,jk_xvwO4aghr13tGEZCEEQ,9
389,ckWyeYHGpzsFVDurVvzOfQ,30
390,xeryhbJ44aJIWY0kqTKItg,69
391,L36nnW6vNXVgIhDHT0otJg,515
392,2Uz6LeC2LHySdnlcruDHKg,42
393,kyHs3DKMzgWLNh1-VhWeKQ,925
394,RKTEGUPFUL0J9zB3qbygtg,25
395,LuS8GvL6VAMv9T314BjHCw,446
396,DjftshuDaEaluldrLkhRTQ,20
397,ELNiGdNiVgdcOkYWMXdtMA,538
398,dsV9r-7gOoZyf4BiPvKt4g,19
399,pS6QQQqNdPgx7FgNmtdSNw,192
400,_xOvnVlxdH_XNt_iT9S39g,9
401,_C9_AwSK8UWc5aDaNIb3cQ,31
402,ATxAckYtqcBGkjAnCehvAA,200
403,el5tkfC_ErEuJ0LDflkRgA,102
404,2KJufosWT6yZd1baw6E2MQ,23
405,2jeuvtdZ8fPU3hZu8ISA0Q,701
406,jaC8P3Hq0q-ayeXflsLnpQ,16
407,u94JtwkaMaaNkkBLvz1hDQ,212
408,qbmeDHXk2ilz06eI7T9AaQ,411
409,PutKiwnvHdmUSWhqa55_ag,62
410,Wjc7Us9DFfUPu-RWm325YA,170
411,r3XAQOhPvw9eSZt0ulhiHg,22
412,tfZm13Lnv0sx-8vDTjXfqg,94
413,ZXK-36vqjUOJHx497iiWMw,11
414,harCmnXSVx7BRivtt4RalQ,506
415,Z-zRuK1HIHMk8LiJfzJgJA,20
416,6uCjMkn_FH905_-CTLr1vQ,12
417,YVI16CMM1yJn069kLlxbLQ,53
418,mcatjl40EU_J_JQqJNZzYg,143
419,16PYTDPBT2JvEA2FG7sikQ,37
420,07yqp0x-1GW8j5lrfWh3bw,46
421,1e0849MDMgTkbRCX-mbW8g,47
422,-CHlmiozoc4JAqwUOu8ZbQ,432
423,xwRbkNutgQlUgGpbiBWKlw,54
424,QHVoKkn17bRG_3wwnXrzVQ,79
425,HmRdrpbmJ0VibkpJq2HDbg,19
426,a99oZJHptwT9xSIOu2Wp5A,359
427,WYPnUu0jOrzoB0v3mWdfCw,1210
428,6p9ptBttjEDychDelfO6UA,33
429,KhAibCzq1XS17pvwzQloRA,126
430,F55EAcg6SdIZWa802TccBQ,8
431,RP8Mx0OkLFKGfJLdtXbBsA,538
432,iuII9PFLuMShi-2W06ay2A,182
433,iLhun4VRhgPwpQfuDKkZ-Q,40
434,SIcy64bgp0_7IZubrhkmrw,112
435,FGXUDDiZmPpDYLE-ODpaoQ,303
436,EyTnzTrBiHlAToiaCFW4Bg,518
437,zncnkcO_GnJN5X2epYbrKw,934
438,OaixYBpZo__EbjVfV4ByXg,695
439,CKSwwfMfBDS3VUJYa4QEpQ,36
440,oP4JpYJ56vfJMrMRjn3BeA,888
441,WSwY5Pzgbq9NmdmPkfWUCw,10
442,4AE8RCof2aizRYQCuZxszA,156
443,BB-p-08vnf2V7-o3a5asMg,18
444,7B8xSsrJyaduoLBay_ICJQ,551
445,orww93GoyE5Z2a06L7KxoQ,1534
446,4b7aLYrSBY7PSI7TF4mbTQ,58
447,oq4RLNV2PLUkKcXXLNyxKg,49
448,BVYdGft2-8j8GXC97gOMmQ,34
449,9BQOE54eHf2EuZTM5Mj0aw,48
450,7IstGe43aHn33dlY1OVE3A,28
451,f76TT5uxAmaTS6nwMDWY4Q,391
452,_JmD-et-TEZgda2aU4DnNw,22
453,Ef5uqwdfz1gZqKIEbAxKhQ,189
454,RF_P2eINYJFwpE4lLWa5yA,70
455,MIiaEJAZMPklSOnDBsgD9A,19
456,qSb7jPqokbxwYRd0BgM9mw,116
457,VDA9B19RsASo40rP41DuMA,29
458,lfBiiBs8mtTy5pk_nx9J4w,28
459,AVNQ-pDjkwrp-ci5_i7WkQ,59
460,ZGFJ9R_GbinJDArelwdiYg,34
461,6WX_JKtqBoKuPsfBKfPAhA,343
462,4kFjhsT8EzjE8eozwIfarQ,19
463,d4b1a87L8n7B7BYI5wTDsQ,42
464,Mqlcs4e8wOTWHBpxo4V_yA,30
465,NgcT52EnZdQdjIjhcSF6lw,224
466,UxEdqmh6cBYngZ964NT33g,42
467,loH5jsDAg1mcV1tAQMDw1g,645
468,Gn4QNuUJo_IHl8-N-5YFiw,334
469,L8w2U55YmiDOTctTV09RkA,27
470,B3TrvneEkZEDwtCvfOhNuQ,83
471,QaffXbvdsJUQOLx2DeALdQ,208
472,OD2UBrdek7ORaLSzHVh1DA,99
473,fhKzq1uNkdYa31NYzU7iBQ,16
474,4Dq57rAG9VYayq9YSi_Cdw,31
475,U1NxM-G1Pzl1J7bigQyvEA,7
476,zhTMDNC6zpWHeuAQ5UBMuQ,13
477,auxg9dmIDhkEJdoJzpDhOg,449
478,E86gtkadm0pWc4oMxviQBA,36
479,FKOHSPc5LXAerG9HqZC2sg,39
480,_uPEjLSz1bowzZoTk_vGyg,70
481,xDcE2HuvEyGncGh39mZPKQ,351
482,44WEkQFlVhs0-GBzV6cTew,52
483,kwoLv1e7k6UExAJC_d1NJw,17
484,zyimMzOVKgM0DE3cU5yUiA,51
485,-N8FxB_XOajG751C7KfmaA,53
486,JTwP3H7QZgo7XK9EMNw-4A,196
487,amk-VBkEMKEHnpr7bLyM-Q,637
488,abq6M1hoV3O0P-h4C-ej2w,66
489,5AQR4mka_xM6JhW2zfRGrg,398
490,B8BaMDNrBfF48MjgAK3tDw,62
491,Gs8k0w9LOKQlaI8_vIStAA,32
492,yq5WbwqfcBGIOGvUngV6Ag,128
493,T5CjMojzETK0nfTLdMN3Bg,14
494,3n7ZGgDTbwCDwP0zpVIS6Q,27
495,lAGn2uryFqeHFcIOWxUTzQ,505
496,a5IFMGwpAWksYesErAmhAw,129
497,10FOuh3Ht3Iw4xPvNUT16A,76
498,drqQRGUlAcIgvQC7ZXbeeQ,305
499,PN-XcMRU2rHrEdhObcYsJw,12
500,GUrCllZr_iwg79Lg5-qnFw,14
501,QYcFDFI_TVLOGkCDuFjhVg,209
502,Q3UwtI_QoU-I2OghPcS50A,114
503,K2ntAw0KL4aw6NV9cjj9RQ,27
504,kf3vx3wh23Mk0drqd3zFZA,40
505,PHWWv6niVBaRBGUpmJucqQ,34
506,oqr6tcO7fV32n5s4kRxSmQ,1119
507,0-34zXQk2yUOIlAjDn6row,197
508,irQ1x5jdWYh2wM6-rA50tg,32
509,BBQgY8DqfD2jez898hpmow,49
510,8xzEYHa8i6d7usJwpPCqEA,114
511,Yq2pjaVGlUJ5_wroNKy2ZA,28
512,YSQRQM47yTKvxNfeHbxl_g,549
513,4D-CzA_iz9LIsrXb47ziEQ,126
514,ezizaFToyp6I4OLejs7k3g,417
515,zvn5zYC22WXfacPu_eqwKA,42
516,H3FcwD-h_yJG8bhxS7Rirw,39
517,WDJXvPgIo7vPJh0286ogxQ,404
518,smRurU3cYUHbzs87O94sSw,40
519,uFPjWUljngBA0LJmK78T-A,223
520,Xye_kLlALpm_f3SmaiQnSA,54
521,ZJlKHkT2ad5iZgnM17EYQQ,1015
522,dy0Wshm9gVIGrGghMJ_dDg,83
523,ZDhQUF6dU12BObiBKRLnPg,31
524,_-eHE2Xlq49lX_KMxtb0EA,12
525,f_7VJMqkQ_BMR420HJqXyg,1602
526,EU86XtrKyZwbZKlphOfA2w,78
527,ftLj_BAu7k2CPXtRfDTWwg,18
528,xDiVD_U5xx8mB73-afGJZA,202
529,D-WQUPFgBrbcOM9thsf6cw,37
530,sfD5YAAvujyLnmAPA6cjWw,80
531,sEC_hROZVErcTK5iAcXYmg,21
532,G0Lc7VjWrc2wd_4ShKcZwQ,52
533,QBcnD-hXiBonkxs5T9iTMQ,12
534,EHoaYJxpxSaYSP_5N_TWlw,59
535,uEunpzzJIhJZVEdZImH-bg,30
536,J9gaAfNmqGuWNoYGfDq3pA,35
537,I6GMXhjiafJjC2v7ZkQN2w,12
538,9LeVyIAu3Qe5WjgWyr0TWg,154
539,ayIXt-GCUhq15UpmPbpIRg,28
540,1dSpNWiq5jKKol2xkrB8_Q,89
541,d6gTsgEippFNRagoHaC8Ag,258
542,Ip6AAJ0C5-g5t51byTN-1A,59
543,sKXOFjsJNA__CkbN5OsHYA,10
544,j6ztg8N6UMAgem7mcIErMQ,124
545,e-tJjT4qWNExxu66xg2IfA,125
546,vMNW6-pZJZpfToaNITepdg,21
547,YEsYXr38-1sdjroenLI-fA,1104
548,e4eGo6FWJGVeNWpk2aX-Zw,54
549,CNQtY7AUwAflT44mjziNnQ,232
550,7Zyjeh2HT4JYBAyOMn9LWg,205
551,BWfkBbcxKvtI8lY2N91qRg,147
552,q9SaZjDyHfwJeJn0oae9tQ,138
553,Zg-CvE2lUjYneKG03E-ftg,117
554,pIUkwZ21J5lZwronCaoNSA,79
555,vY5QuhzC5y3xjeUtLheq0A,8
556,kC5waeCFXCuLicC4gfFPrw,357
557,CN_WRikp6BDaBle4dYnsFQ,69
558,O4Zd8lsliX08c9prwfIrAw,8
559,7XI428LSWttTCvqBzZMGBg,307
560,TVNlAsv0mDaGzSiYwMUhVg,47
561,xlwXyqg_pQ1OSSKs76N5Vw,58
562,eI90pz_8Taz5A5DiKg3W1A,154
563,0_roJQd_qdNuLzsRZjkJwg,186
564,9-EXa1X-AvrkYGy3TDtUnA,93
565,-DYiop6_mEPe8NSkoSCqdg,261
566,CoQ8nyXhyBf32Mkh2xKGww,24
567,wjKKtvMe5irT3ROVSvQMZg,94
568,K2CbbXBsUxzahP8Zu6cE9w,95
569,ZJfNbWmGJVA97z1zUPdo5Q,11
570,UEzbb8ICGBseEc1HW5syyw,91
571,zvoMnR9WvfncmmcMD3Nu8Q,62
572,YSdPOVvkAY3pK-MmOMPwJw,176
573,ws2Q2H6UKgFBgIYVpi2PtA,87
574,2nrabMMgr-gwPoZyFakVXA,58
575,JIgsUj5m4s64YvcPLLZlSw,265
576,DtVRiINvdnv6iFOLk8fAKQ,77
577,ZwbBJQf0Mq4Ybd6mlJIT8Q,14
578,cm0so80eIgbw8NDkdYOsAQ,137
579,TCo5YeB5MTR6C4aupQKoAg,128
580,WZy7CdHyhVkWr48CgjdY0Q,34
581,imjLDWIluWWfIyHkxGQTHA,52
582,6CgBWdwsHr5xcxqMuE2fcg,25
583,iG51Nz2LXDfOc5w20q0REg,74
584,n7ogvBEWwytx59yMHCdN9Q,170
585,opCmPvUqgsQA8nJf6JMhGw,55
586,vAnr0ssPnXunU6iCV-MuOQ,57
587,Le4l672CqJ8crKAOcqNinA,112
588,uyHoGfEJOXWZxAT1_cIQ4g,39
589,G2VckKpwECaTe9_iWBXubg,141
590,-1inWc6ACbp-dD270xRqEw,362
591,fyxj27I9FIn74PtMkveV7Q,17
592,x4AEPimlt_k6L3uMvyzCgA,395
593,B66spO1CGAxCq-Cjb67Y5Q,2097
594,Qp30ZQSxravedczks8THeA,93
595,Vz4CRA9FXBysrox21ONFzw,743
596,OSn_g2EnzmCcjwsRMkbADQ,28
597,tVP3XFfbxTFiTcg3IeM_nw,25
598,K7LPy9y7W0-ZjaeIvcu2Yg,617
599,LAOF6XjGC2WEhc1q1H5OaA,154
600,TN6_O7hXqQ5uQ6weeAmbdA,81
601,xLEyXF9LCaoUxi_MgW3Nrw,17
602,9XSBpAtfUHcGneYafxuvng,382
603,B6ctoie1H-7W6dpmuXbC0A,263
604,Zsuby2pk7_EBgGEE8sU7mQ,363
605,sta2CZwF33ERRxpBQWpKnw,29
606,-GAIdsxdAqVf877a3vXIFw,169
607,C5OTET0zoOLkvomHMMjR2g,35
608,QYrPlL2NS6N7yTQnUEsdqg,29
609,IMYh4LJm1ubY5Lw3rz-aqA,2038
610,d9um23aOuIUhOQGkeKrBMQ,144
611,fPStnT-v9Kw9CHDD_qfo6Q,64
612,U5kLXQFnNR-rIxHnDKMyiQ,127
613,4I1j6H4d6btBohbCNSe4Nw,21
614,JiTWYzLafv0nxkZqbRFdZQ,1441
615,vX2UpCqUMSS_8_fjBsp7FQ,40
616,5penEbAqGkZ1Cbts18P3Sw,18
617,3iXENOl8GoQdT8fVPgK8pA,47
618,NtjuoZCVXa6KjLI4hs4Zpg,263
619,nQthHdw3IIOTbKfOTeRaOQ,153
620,NIo_vTQ99p-yDt4SHfB7jA,84
621,ChxAgONM868nibx1xm2nTw,19
622,g-cPcoSv8xSosC9TdzO5cg,245
623,7BE_QpW_nr7I37bJXktpjQ,8
624,RCKWZ5-mamjGGZNTw9rnBA,17
625,jE6M3jn1Wky7pX-Fe65PYA,281
626,Ab8ubSSFcLeXUb8tg0RDAw,95
627,nNlXeHItHhMUiiwSYQzLvw,41
628,h4BZw1g74tfJtvSFx1rcwg,8
629,X5asCG9wTTObR054eJU2eg,178
630,XO0cLMb7znfCUa1faFnSEQ,124
631,p0q9sLBN0Fuou4r46nHJJA,636
632,BpONkhpN5zRmgaxmEki5_g,70
633,ZtusG7sSuSsLxL_rf4RMlg,14
634,96RnuK5cbolh6AHp_JbCew,48
635,DJwQU-sY908uYlyv5O4-CA,7
636,bdQy_lmXmzb_yoaE3qvQqw,1323
637,9Vp1c-hQ5zwkmV6VJtSrYg,114
638,l-oTDGIXvgcK43VhZDjWKQ,34
639,BuQIzQylRNPvInSkfBwXCg,62
640,A_Y1SU9yBw1URRk8Ze2dBQ,71
641,oavN7ePExv6vvKHhYTqatA,131
642,KkC1tSc9g-FB0nTpLhkKug,87
643,wYpsQID17Q7wF7WcmhMosw,189
644,wZ3qtwbu9svWGRHQvFh9iA,191
645,pHNpkeiaKdo0prvT_i7Z1w,17
646,9yYycZY-aNBCuhRePL7hBg,8
647,w5Kvv9QjfrNUHIRbAtFH8Q,71
648,qZf9diVUM16EsOCEu5qgHw,19
649,cQ3VBk-65cEXhdlw4Wl0fA,238
650,GhSyCxdIoIpzrLE1KU1qwA,34
651,Y19VrAYzOhsRVMfYeqIqag,63
652,Q-xDJwAQJFCazEUOyCYmgQ,10
653,Q-atadsYpP7Z4rVe5ewJXQ,21
654,x7S1jZBmKa-3zM4BRiNGcA,366
655,zZLJGht2CY--oAL-cC10yQ,435
656,ikuyUr0xUDXSqmj9MU9Z9g,6
657,abziORRHb01DnIhux7p22w,235
658,-vPk_T1qQe3iR7cbij5Vsg,101
659,mqHgh2t0zYXR57Ee3I6tgQ,124
660,2iWStwA5e74kY-IGKcXCiA,903
661,Wwg52yz0OQx_PNB3VitKFg,36
662,QUcxy3aSGhb1DNnaAfjNZw,23
663,TZ415yI4eVax_4tpZyYAcA,59
664,6mNbgdLYs9mldxoZvnOlmA,18
665,i62Hqn62v6qH74364wFOXQ,61
666,DbLb0_d3-B1x2OLHhmbr-w,96
667,XEzEedhs9ozPIfmWlWC-lg,71
668,qvqZWsNZl7JY1MXjVvSTMQ,14
669,Ig2CMOLb4j7iwlofU7q7tg,75
670,GCkuAvjm8Ws_Q-wakO4pAg,1034
671,cKCAwNeEzOIJxU2LDSKFeA,41
672,wtXG1R1dXIfq9bSiFRdajA,59
673,tZrlQokNml7fQ3YB4csrTg,94
674,HgcbeRqimIgzL8jpsdlgLQ,215
675,fBhLjv_cDep_SwLccDbV-Q,26
676,DzJo21vCz9OGAOTznvKvmQ,137
677,Yc1xSpqUWkP_qGL1a1NCRA,95
678,4LG0Ywdsgp92-xNTKUjDOQ,66
679,RAuWD6IiYWydBOwrjlsQ6Q,31
680,ZVshQ5PO39axrYcS6BtHVw,53
681,coL95Cy3Tr2tHrfpkcG9cA,272
682,TAPa7v0OFdVhkr7iTEL6AA,81
683,-f8AGeQAcLvYtJAqGK2euA,136
684,L88x8UOTeTI0VCpYY5_35w,8
685,wtef0Aac2U0zXuU9HB7Y9Q,48
686,34YAtyu6M7sW_Y68cj8dMg,28
687,0l_28DGFxl2JnS9zViLw3A,19
688,0-RSvKO0-HVfXRbgwLEA7w,7
689,BcTnnDZThUtQadLMJvCfjg,37
690,SfKka-mo-btr-Ea8r3yM2w,25
691,8u_Btq9k829del1_UPwW9A,3
692,Jw8d2eqwG-mwlsIHRUHx5A,45
693,elVQnVHyBz4mN_QeGyQQeA,173
694,EFBG-R330WvC_Gj8iwYo6A,49
695,Z5TEkP7FZ3b2tr_LKJPLmg,7
696,eS6kDrZzIVbSL1SbSLv-sg,31
697,3Wb4c6WtTcyziJRH4ryzZw,337
698,I0mUBY6hvFQ6p_Xf23EiPA,21
699,LhKM1yRIGxqnCuW89PkxXQ,247
700,jv021RLxPac_2N98GpxS1w,14
701,xrz_nxgLKa8ZRmuxIXyi-w,75
702,HGWLckLMDjP4hBMozM5inQ,298
703,BtrXMd9fBj9Hz75wG9wXUg,230
704,0NIcGZb85A6zGZS3w9f4Tg,23
705,65dpwVFPnT2j9a1ld4g8JQ,67
706,5yBqKT7gI5LvInDgVXYdMw,23
707,kV0VH7jkfhp9zMZrwInFgw,124
708,aMo9Su_91BgaTqRLKV7Ikw,264
709,rou1beAh1C4KQPzMPnU9Yg,175
710,rKlhE1detptq70KG0uXhQQ,26
711,k0MYqmWSrbNDdw1Qcu4rBg,19
712,gR93AwYeOqxn3b5NPjWlNg,474
713,FaU0iAva2Hkes68MdRijWQ,104
714,r8uvfEazfJb13t5KovpOqQ,12
715,3Sg8KwsH48-LKFxuYoUcYg,206
716,HBRj2UBjTHNL8VVZliU83g,888
717,xnKYfwE4d5xY9RS6uPKuvg,388
718,Bg0BM4pJkUhwtIVHzaapeg,202
719,vj_NR8BbOFhDAYRlrEvTXQ,109
720,KoObi_J7ptGNaYWZUnZVZw,205
721,5Dmbk4YjrnIzL6TtYnFfiQ,12
722,wILylcG2s24I_w5_B-6GeQ,34
723,MxVrgXEfx6v8I5yz0Y5mdQ,255
724,WIwNvETA8wTEo4b03tNzvw,135
725,p8ktRaChdjteackMDiDQiA,42
726,WOwQTz7XzoiXkMthZwywAw,117
727,4QBP96bn7aUxRwbFRnhjzw,11
728,Fy4oXbtv_rR7LlWDoxx_HA,16
729,KL2aHsx0yf_8_IT1DfVMrA,270
730,b0-1MrG9n8bCspc620d8pw,525
731,SydG63qscdgJLfXzeXHlDA,41
732,2kEN-wVC63JKZS3PsYA_tg,24
733,hF7D774yqEOShj2kGInsTQ,10
734,e6MIe-2FWFuN4WyFNny9cw,53
735,FaOsKDcnmMmKmxFS1CEqCQ,170
736,0wgvQe0JpfgogekAIyK2Qg,361
737,9Pf8aoqaS1gC_LXGJSiWAw,33
738,L4CUyisYpaxWjyBfHiLY-w,134
739,rvoTuWA7B15yHU0FBLFWzA,283
740,JXrNB0BYerbHcIjJOph0Mw,15
741,poOY_Inr823Sjcx0imB7uA,5
742,FR3wCvff6fts7UL9zj5d7Q,272
743,mAjufZz6z94hzZoGeW8nkA,111
744,Vi4YdaNo9DMMaJnJJCUkWg,118
745,tSoBfz_vHzc5KE0Mqjo-Yw,14
746,CO0w4V8M-bR0oMp8lTTL5A,74
747,dYqpgssO9Hs2tPXqtOM9Bg,191
748,FeLfxhoTXgaaKo_1C1tIQw,139
749,ZqsZzdnQImxD1rIJe99Z6g,5
750,b8vMgCcOfR-KFt1K5YC-8g,175
751,Zra7XlGYARgQomGYsjzPqA,6
752,OHg8a1LihAVU7TgYq67bTA,279
753,KGauuPu45FKs77tFRi44rQ,36
754,TPsGBAswCkg1jI5FyYn4ng,31
755,chymmsNyo34eFAvbnTqUcg,1029
756,5pXsJCysK_G6tEg2yAOaww,226
757,Qg4EMshfus3z7J1HGHEVXg,13
758,9ailkKl3mpBIWiICZsT-3w,8
759,DCfsaTQ-jNRysgDfpTB-rQ,35
760,KDNkjHhxyqwU4VOvgO0-rQ,15
761,FbaPTsf9gAu_5SgauP292w,6
762,wHghuepj6WSaplELaFemXw,32
763,VWoQnbE4Q_KSYGxnl41RzA,72
764,lOGFAhhLnvxdMVD3bgThlA,26
765,7HTUiC0KGJNKPFaflMUaqQ,59
766,dnwxTsCSR-tkb7w69yZOEQ,68
767,C50fIZytyOFN1atgq1unAQ,167
768,osLL8xBjZf1EMrv1kAf1kg,71
769,jcykhIgB0cXLjSBkuet4WA,1803
770,QIH8TQSLOlgv63MiCtEPeg,12
771,k-vYz9Afi_13i_NO2fP8Dw,6
772,0Uq7A-x3U-UOARoUpDjLhA,5
773,FQ3mneLiIe8xbpMR_jEonw,28
774,lMXJVGVOHT7ksR3bgIq9pA,182
775,aGaQTpASEPQZmEUV54jIuQ,7
776,Sdla1B9aL8-j4hrAUfQiUg,10
777,nqMj-4vTojKq26NlLDh7tw,197
778,VNR9W0oj9FCISHbt6yBMvg,24
779,eWz84QnnqjBdGNFNuTBEVQ,223
780,HEGkniAEuaIID8mZ1zBxnA,68
781,O0UPp54_jWnlYujfL5eudw,5
782,bsllEvlDwvYLuSTe3Oxh0w,37
783,o9O3cnx6M-UJY9NDjdeNCw,6
784,5l_9qACn1gU2omzZWbc70w,5
785,Fv0TMHNzmo7wcjqxkzHDSA,147
786,x0s6a_Ytk8VDM0B_xoGaCw,196
787,dHM0Y69CvH9xEQaAJDv1nQ,4
788,n30gSzTXc8WuJNr8XQcafg,68
789,fFmhuQZwDhroe_egqyEJyA,57
790,CYbbPDqXMmipwLsw4bMA7A,38
791,W865eW0kb7EBnFMDdPJGqg,12
792,c-ucc7HVGFvqLFjffrX2aA,56
793,Ch6vVtnL7YUIxNn8CY55_A,16
794,9DarKWaL2Wo-KfOcYQWmdQ,6
795,qi0wKiMehcn7zWlzNuhMdg,75
796,2cXW9xTHbMLUQQZKINdtsg,48
797,Edso-tnFXkgHqm5-kaAPwQ,1152
798,K2g0N19sxQ6hcPYiqPMhcw,52
799,r_HPGO3s3RLdMKECvDqnCg,287
800,fn8f-CxNwqI0Qkv6Dz9m-Q,7
801,ZIodT3vl3oUQgBE7EbdFFg,7
802,pGqP6xlC8yzVXJqLEItG8Q,251
803,FNABkhprWQAd1FuiwZpgZg,15
804,ue_quFHjlwqT0YLYsMM6kQ,31
805,MUR0LWGzlgepN3VbFN66Jg,97
806,8W26yUxAFTxUrWS2URvUVA,1414
807,u0whyo28TESG-al5J4AxDw,28
808,FI5YJivlAWazpKTw1B3sxA,8
809,tnTWX0fqnYsgsVnfYN2WzQ,6
810,GsKgIzBjROs9PlLDE8L0uA,82
811,Daneby9QjTN-3NUntXnH2A,20
812,QomC49GoXY04xmqmatzVwA,28
813,haY6dh9MUADjyXpkPvi59g,57
814,y6aYayQVcuy-E-qpW36ucA,176
815,2d2MU79N1fbxt6I0Vy0oOQ,37
816,v1ARQ3ib-JBkTtIAamqWig,68
817,o5_8iSFqWKQMFcGWFrq22A,32
818,MRTGJmBHJlhHRRW7Pi-3vA,82
819,_v5mO9uJqh1GKJazqKtAvg,423
820,cNlflfX3NuKyCOFXoZR3rg,18
821,ELrr6lvaCwC31PctwnC0ug,30
822,kne3R92HYBoBbrl7JyspfA,37
823,93gRMOAzGaDe9BBzY-52Gg,88
824,jAHSp9GI5Qrtmt9nwMrSoQ,76
825,WuObcys5c4y7pvZiixVNCQ,25
826,3hDjHpLyKEWvH_15URQmkg,8
827,gjfuGuM18DMbvF1LWXtkDw,15
828,zHBJAzXwcVA8yBY4CKaF0A,11
829,y9fNR400n2VJw3FSPbyIOA,120
830,9C72SyBizcj7KuDxJ8US4g,47
831,Pdhs1i6hUSSd7eyLciVgvA,76
832,vR5S8gPB9Z0TiYb5PMrtvA,23
833,IahvHoOfuoRnHtcnr0JaTA,194
834,BUj7DRA9tM34K9HPGnhmnw,163
835,YxWAn117LGuUwoe1hHLo6A,17
836,R7KBZmPY85zZS_OqYSr4Sg,61
837,qFH9v-jg92P3REW1Hx0slw,25
838,tnk9PepfxPxTGGIgShRcMg,13
839,D0o8hGCX6noTEN0ZsfRLXA,41
840,WHQq-RLxbbkb7dIbJybj7A,335
841,kBq5HmDEqxXFv3vpY7Lehw,221
842,t8qgOayiS046jJrigQLheg,1220
843,hQp0bmKrm7kOikb6FUMBtw,242
844,ReT11_Adcm6XUKX9pGpWcQ,61
845,xU3FgfGqI9VaETpzddtZmg,16
846,I2Ax3BDhk_2ny_06cbcLMg,36
847,RsXChrDk_iTtd3e_wBlvkQ,10
848,S71zZv8ymUJw8H9Iyc5RBQ,7
849,v2v95bOSir4B6qzd5qHfyQ,177
850,pZ33mCTu0y_c86jcmtSrJg,55
851,sF5quT3OWApeL2MvKY9DQA,219
852,vN5P3zHmcpHfIQ_2bDMuWA,25
853,INwAAiczHccKMZAKCepEqA,18
854,m5YF_eHl-kib7KDMYw6S-g,15
855,I7s0rVKbKBer6u1-GeOPfQ,50
856,QRWd02TNvTNuxLstH6UIPA,263
857,q6Jg2vkItsZ2oSat5uwKlQ,90
858,3EY24Z8GdqtWPjXwnkOUHw,11
859,I38UXsq9w0uLrTKaJuU02Q,19
860,lMGyf7vJJ_apDdbrojWzcw,45
861,Fn6_11rliOd0nhal6rpHJg,74
862,lB0DC5o43t-8JwrB1NF_4Q,53
863,qfQIxrcWi8sFS0YkaEgJIQ,32
864,wODOfpTF4rvkRVz1oo-MRA,9
865,VAMSLXCq8tV0G5vNzCG-zQ,65
866,QBrg3BeSMcbnTYabXMZWJw,45
867,uZetjGJ80wGpANMiBOLOzQ,9
868,TBpZYdA_gQCSJIqGKKhj9w,32
869,auDgrWflSSrcojUNjwDNgw,141
870,Cveokgghdvb7wGO5gGo0ig,33
871,Bhtvjid2mJX_WRoRXttlqA,60
872,dF3Uy3kYRJGL5ppMjYkqbA,102
873,lhOLsifO5d64iBzjChWlBg,93
874,BSavJWjapT4JyWH62-5trQ,460
875,rEPmje0L1LXDDRWcoT-Ylg,55
876,xanVFEz9Gvaax-_G-QxFWw,52
877,alhNWslGyg-AgR3fE7u0Cw,33
878,CIRGUfz_6_RoyOzc5srUYg,55
879,wVJo22_nwKIvF7Engua3Xg,94
880,Z2e7igeXfN_7AB5hL-1kLw,13
881,zNTw05jM0Y-syIlXpRjuJA,25
882,wha5TRmL1BRVmXdTKGWPSA,143
883,wb9LorQ5Dh9_pP_4FQGNYQ,40
884,Ft5CMZZeN6OOaFFWy5FNhA,67
885,2cffR_yBc4rQNAd22U4fPw,804
886,Tq7ZG9LCn_CMIXnqLvndzg,52
887,BX4tcZT9GIJA6K1NbbHyRQ,9
888,BtF41ezn64uNIVzJfsVwqA,52
889,YpYnDN1U6vz8_3XhLcBGwQ,113
890,eCbL-3gJc9N2ZVhb8lptUA,12
891,8dPJVZmRoknmelMfqSkxow,149
892,OlihzzWVxAmnKaznuIwZaA,90
893,1aAM0rKNZhtWKubI8PiAXA,44
894,AFOLN91FDk1u4QAWjHrLmA,422
895,9SxMPqa6AiguwWJ8MXC4PQ,7
896,YAGEPbFPZyyeqxjs1DXdHA,69
897,jHJZeNQ0tGOLH0uE-RsqtQ,100
898,Fdhs-87wdFaxrzAg6Zqi1w,248
899,iQ2cFRzDYcEu5fiVMpI0SA,28
900,F17Z9Zaf6cpwH3kerc1XpA,13
901,xzWZaCJFBo2zCJherJEG7w,1066
902,TJ46ox7d1B11qpqTsCdnvQ,44
903,TPS07YF2UOIT2mvXAqyZ0w,107
904,8R0fHXz9WDhZTIyhAzfdZQ,232
905,vkFR9FTYuw5N-6iFEY6QgA,12
906,y2xNgQ_5FEDI2keObMJXwQ,159
907,F__fJ5KIi1BX1RjH6IeGAA,74
908,cSBDFBuk2URvL32QYimaaA,105
909,VYKJJ8oWo3dtqgwM0Q2vHQ,13
910,CmG0g1moPPUgG6Nmo0DWLQ,293
911,ps5uyZwxwIf3X0AOiV4MzA,157
912,WA6iqR_zbuFKQPFtn3Qr_A,7
913,eWRQunpBUuu5xvSYuiHRKQ,31
914,kMxeqRLYckGexSAeChn-Qg,34
915,FakYZHAn_Yy9xYiB-evFCg,93
916,r_3hU0G1ADfo70bHeBg6Aw,378
917,ZxOGKZTeXCpzsIGYmD0CcA,27
918,1QPdCo2K8fARv8r9dp4Nqg,383
919,qvqZsSWV2_lcllHDYwyitw,1332
920,SoGr1gf8ufAzPDMrNQmciA,58
921,IWJUatKcPjq7Dex1G0uP8Q,61
922,U4ZJ37Rhg0Kf7udDXZVoVg,1415
923,kE1FajLjHCAks3kqetCRWA,202
924,SAIXHiySZur4y62otpkcOg,1089
925,VhrsYuueJpZzV8QxjR1kMQ,19
926,W5lbWl6XBA6QALi5JMbq_A,10
927,_iy7_VgXLuhw4bkZPF1iSA,129
928,CsbTMNLpswXA_SVW1GbddQ,182
929,WM2A9tAmSsPyiGIEuaktqA,70
930,ICyxgiKVEU9fkYecD2-bhA,39
931,cC0ClkJwj6eB9yFxaAgdfQ,113
932,_TeK1J6npFz2Nt0uc3oAkw,10
933,9s2i8ZiavYyDvvcpVyAQcQ,21
934,uMHn6WgRqgn2R_6947LgQQ,41
935,2WpsW1pgLgV0fOm1X48WDA,13
936,DdUnVm0HeUQFjM7ptkxFvw,111
937,4dW3-hqBbCdo0Lc6PwKaaQ,247
938,EFjQRb7eORgW5d51uYT49w,46
939,rirsKgVifodAXh3-fTs9fg,92
940,H4Q8CSXuhSE8kKK7Z4aMpA,360
941,dLpClYwHSSSUrKinIibIzg,7
942,NloUlLxcohsD_VZVnQemQQ,50
943,Os9pXHbYIT2CbyV8vIBY3Q,110
944,saw_Lqx3WEqkgMUptqmAYw,454
945,1_foFlJVKBTeqf_aHmhqkw,90
946,IgCubJp414H2gYwGT9bvaQ,244
947,tpLIMHpKl3LQaLd6p1yiNg,12
948,tiQ1OMeomL3j8s9hqtaEXg,12
949,uNS51hF40BZpSG5_6U_JJQ,59
950,MbXJWCbu45fqzc_v3LimZw,285
951,GAW9Vi9pvhUHvn8ig9op8Q,63
952,cmeCXHTnDbyZ_8h7LDoLfg,13
953,_Fu1G6lAwNelB0tBHJZw9g,81
954,ZEWqYfrLgvLX8acFnHuUxA,82
955,k0I_s4Kso0MzWtRmyJSi-Q,330
956,M5uPbOQKi_FxCsxK0Bfzow,421
957,TTGK-blY0Q7yTx-0f9wHnA,8
958,_L2Am2igB6ctEscv6HTDpw,108
959,kykj13LKPYJKPRDRPax5oA,67
960,v72NfGECUEFACdQY4Pf3lA,14
961,A0kAxKZ9t9nhpBl4mpK6ew,11
962,21VVzTihKo_2t94JilWvXQ,103
963,d9Q96kmwohc3lgPHFSSJog,51
964,HoOCMVeXN6lI7wAmjzbPtA,82
965,Nr6HV9KFpZxVDz3DfVxjDw,19
966,ieVJ4BMoVxPzPoQOEdDIyA,38
967,iH7vTGS_fShj6YcCD3a2og,13
968,bQPtqpfKc5E3fX5NU1f3IQ,707
969,ScT_J_wARrbagv9ZD6VFWw,131
970,FKT2YPlGN8z5v66trmapiA,670
971,uRYy82TuAJ7-vvUl3mBgXw,19
972,9zIAA5_oZPQ4v8wrS6XsUw,75
973,Po3MPZ9ky6EzABt6G9jqWw,92
